customer_id,segment_name,recency,frequency,monetary,r_score,f_score,m_score,rfm_score,return_rate,avg_discount_pct,category_diversity,ticket_count_90d,negative_ticket_rate_90d,sessions_30d,last_visit_days_ago,abandoned_carts_30d,campaign_clicks_30d,manual_priority_bucket
CUST00088,At-Risk High Value,98,12,6774.5,2,5,5,12,0.0,0.365,5,0.0,0.0,9,18,1,0,high
CUST00116,At-Risk High Value,143,6,5635.9,2,5,5,12,0.0,0.18666666666666668,5,0.0,0.0,10,26,0,2,high
CUST00144,At-Risk High Value,86,9,6186.54,2,5,5,12,0.1111111111111111,0.31555555555555553,5,1.0,1.0,8,17,0,2,high
CUST00185,At-Risk High Value,114,7,4179.18,2,5,5,12,0.0,0.33428571428571424,5,0.0,0.0,11,27,1,1,high
CUST00189,At-Risk High Value,140,9,5900.65,2,5,5,12,0.1111111111111111,0.23333333333333334,5,0.0,0.0,10,27,1,0,high
CUST00201,At-Risk High Value,93,7,6691.56,2,5,5,12,0.0,0.23857142857142857,5,1.0,0.0,3,12,0,0,high
CUST00206,At-Risk High Value,118,10,6479.7,2,5,5,12,0.1,0.265,4,0.0,0.0,7,38,0,2,high
CUST00208,At-Risk High Value,91,6,6865.35,2,5,5,12,0.0,0.20000000000000004,4,1.0,1.0,2,24,0,1,high
CUST00392,At-Risk High Value,133,7,5290.95,2,5,5,12,0.0,0.2785714285714286,4,0.0,0.0,4,34,1,1,high
CUST00464,At-Risk High Value,106,10,6495.79,2,5,5,12,0.1,0.34500000000000003,4,0.0,0.0,6,20,0,1,high
CUST00476,At-Risk High Value,140,7,6233.25,2,5,5,12,0.14285714285714285,0.38285714285714284,4,0.0,0.0,6,24,1,0,high
CUST00483,At-Risk High Value,107,7,4120.83,2,5,5,12,0.14285714285714285,0.24714285714285714,5,0.0,0.0,3,10,1,0,high
CUST00527,At-Risk High Value,113,6,5554.469999999999,2,5,5,12,0.0,0.2883333333333334,4,0.0,0.0,1,23,0,0,high
CUST00564,At-Risk High Value,130,8,4592.1900000000005,2,5,5,12,0.0,0.365,4,0.0,0.0,10,27,1,0,high
CUST00585,At-Risk High Value,113,8,5368.63,2,5,5,12,0.0,0.31124999999999997,5,0.0,0.0,15,9,1,2,high
CUST00646,At-Risk High Value,117,6,5934.01,2,5,5,12,0.16666666666666666,0.15666666666666668,4,0.0,0.0,5,20,0,0,high
CUST00726,At-Risk High Value,98,10,7976.49,2,5,5,12,0.1,0.33899999999999997,6,0.0,0.0,10,19,3,0,high
CUST00841,At-Risk High Value,99,8,6838.26,2,5,5,12,0.125,0.185,4,0.0,0.0,2,29,0,0,high
CUST00870,At-Risk High Value,86,7,5454.610000000001,2,5,5,12,0.0,0.2914285714285714,4,0.0,0.0,13,37,2,0,high
CUST00871,At-Risk High Value,122,8,7332.96,2,5,5,12,0.0,0.20625,5,0.0,0.0,3,23,1,0,high
CUST00968,At-Risk High Value,98,6,6505.79,2,5,5,12,0.0,0.29,3,1.0,1.0,12,4,1,0,high
CUST00979,At-Risk High Value,103,8,6304.8099999999995,2,5,5,12,0.0,0.27999999999999997,5,0.0,0.0,5,28,0,0,high
CUST00981,At-Risk High Value,103,8,6263.0,2,5,5,12,0.0,0.31125,5,0.0,0.0,6,22,2,0,high
CUST01034,At-Risk High Value,100,9,5240.5599999999995,2,5,5,12,0.0,0.2922222222222222,5,0.0,0.0,9,22,1,2,high
CUST01036,At-Risk High Value,141,6,5297.63,2,5,5,12,0.0,0.17166666666666666,3,0.0,0.0,8,29,1,0,high
CUST01111,At-Risk High Value,95,7,7703.55,2,5,5,12,0.0,0.2742857142857143,4,1.0,1.0,1,17,0,1,high
CUST01148,At-Risk High Value,128,9,6527.14,2,5,5,12,0.1111111111111111,0.1388888888888889,5,0.0,0.0,1,26,0,0,high
CUST01259,At-Risk High Value,94,6,4645.31,2,5,5,12,0.3333333333333333,0.3066666666666667,5,1.0,1.0,0,10,0,0,high
CUST01285,At-Risk High Value,124,8,6478.76,2,5,5,12,0.0,0.255,4,0.0,0.0,3,36,0,0,high
CUST01352,At-Risk High Value,123,7,5877.57,2,5,5,12,0.14285714285714285,0.3614285714285714,4,0.0,0.0,1,31,0,0,high
CUST01357,At-Risk High Value,126,6,4681.22,2,5,5,12,0.0,0.35000000000000003,3,0.0,0.0,2,23,1,0,high
CUST01384,At-Risk High Value,145,6,7520.42,2,5,5,12,0.16666666666666666,0.2733333333333334,3,0.0,0.0,5,24,1,0,high
CUST01387,At-Risk High Value,128,7,6963.04,2,5,5,12,0.0,0.23,4,0.0,0.0,2,30,0,0,high
CUST01410,At-Risk High Value,146,8,6063.07,2,5,5,12,0.0,0.3875,5,0.0,0.0,11,18,0,0,high
CUST01445,At-Risk High Value,115,10,6651.53,2,5,5,12,0.1,0.316,5,0.0,0.0,2,29,0,0,high
CUST01490,At-Risk High Value,122,7,5285.2,2,5,5,12,0.14285714285714285,0.25,4,0.0,0.0,3,39,0,0,high
CUST01515,At-Risk High Value,96,6,5632.79,2,5,5,12,0.0,0.24166666666666667,3,0.0,0.0,4,20,0,0,high
CUST01544,At-Risk High Value,113,9,5640.23,2,5,5,12,0.2222222222222222,0.38999999999999996,5,0.0,0.0,11,29,1,2,high
CUST01547,At-Risk High Value,99,9,7802.05,2,5,5,12,0.1111111111111111,0.19666666666666666,2,0.0,0.0,4,16,0,1,high
CUST01559,At-Risk High Value,93,8,5817.8,2,5,5,12,0.125,0.28375,4,1.0,1.0,5,8,2,2,high
CUST01614,At-Risk High Value,103,9,5758.2,2,5,5,12,0.1111111111111111,0.2788888888888889,5,0.0,0.0,4,4,1,0,high
CUST01644,At-Risk High Value,118,8,5024.66,2,5,5,12,0.125,0.19375,4,0.0,0.0,5,8,1,3,high
CUST01668,At-Risk High Value,106,8,5325.84,2,5,5,12,0.0,0.4125,5,0.0,0.0,7,14,1,0,high
CUST01714,At-Risk High Value,132,8,7387.29,2,5,5,12,0.0,0.32125000000000004,4,0.0,0.0,0,36,0,0,high
CUST01718,At-Risk High Value,133,12,6556.120000000001,2,5,5,12,0.16666666666666666,0.3425,5,0.0,0.0,4,19,0,2,high
CUST01730,At-Risk High Value,120,7,5329.4400000000005,2,5,5,12,0.14285714285714285,0.40714285714285714,4,0.0,0.0,7,15,1,3,high
CUST01756,At-Risk High Value,90,7,6859.41,2,5,5,12,0.0,0.2342857142857143,4,0.0,0.0,12,8,3,2,high
CUST01761,At-Risk High Value,89,11,7359.26,2,5,5,12,0.09090909090909091,0.3172727272727273,5,0.0,0.0,2,21,0,1,high
CUST01768,At-Risk High Value,101,7,5814.4400000000005,2,5,5,12,0.14285714285714285,0.16285714285714287,3,0.0,0.0,10,28,0,3,high
CUST01782,At-Risk High Value,137,7,4334.56,2,5,5,12,0.0,0.3457142857142857,4,0.0,0.0,1,31,0,0,high
CUST01817,At-Risk High Value,147,7,5667.97,2,5,5,12,0.0,0.1542857142857143,3,0.0,0.0,6,30,1,0,high
CUST01829,At-Risk High Value,101,7,4605.35,2,5,5,12,0.0,0.29857142857142854,2,0.0,0.0,4,17,0,0,high
CUST01844,At-Risk High Value,125,7,4849.78,2,5,5,12,0.0,0.25857142857142856,4,0.0,0.0,8,18,2,0,high
CUST01947,At-Risk High Value,123,7,4832.0599999999995,2,5,5,12,0.0,0.27714285714285714,4,0.0,0.0,6,20,0,1,high
CUST01949,At-Risk High Value,136,8,9603.31,2,5,5,12,0.0,0.21125,4,0.0,0.0,9,31,0,0,high
CUST01962,At-Risk High Value,142,8,5467.6900000000005,2,5,5,12,0.125,0.205,4,0.0,0.0,2,23,0,0,high
CUST02000,At-Risk High Value,96,10,4734.83,2,5,5,12,0.0,0.22000000000000003,4,0.0,0.0,11,18,3,0,high
CUST02118,At-Risk High Value,93,7,5739.9800000000005,2,5,5,12,0.0,0.3114285714285714,4,0.0,0.0,5,19,1,0,high
CUST02145,At-Risk High Value,111,7,4813.139999999999,2,5,5,12,0.0,0.2357142857142857,5,0.0,0.0,2,23,0,0,high
CUST02154,At-Risk High Value,106,16,11777.27,2,5,5,12,0.0625,0.185,5,0.0,0.0,10,24,1,2,high
CUST02158,At-Risk High Value,101,8,4793.27,2,5,5,12,0.125,0.30875,5,0.0,0.0,3,0,0,2,high
CUST02195,At-Risk High Value,119,8,4744.28,2,5,5,12,0.0,0.29875,4,0.0,0.0,3,26,1,1,high
CUST02201,At-Risk High Value,129,5,4412.26,2,5,5,12,0.0,0.194,4,0.0,0.0,2,33,1,0,high
CUST02208,At-Risk High Value,123,6,5051.27,2,5,5,12,0.0,0.25666666666666665,3,0.0,0.0,0,35,0,0,high
CUST02270,At-Risk High Value,91,6,4121.46,2,5,5,12,0.0,0.22833333333333336,3,0.0,0.0,14,13,1,1,high
CUST02287,At-Risk High Value,100,7,7044.49,2,5,5,12,0.14285714285714285,0.24,3,0.0,0.0,0,12,0,1,high
CUST02298,At-Risk High Value,100,6,4073.9900000000002,2,5,5,12,0.0,0.35000000000000003,3,0.0,0.0,13,36,3,0,high
CUST02329,At-Risk High Value,90,5,4216.7699999999995,2,5,5,12,0.0,0.11200000000000002,3,0.0,0.0,7,17,2,3,high
CUST02382,At-Risk High Value,89,7,6958.09,2,5,5,12,0.14285714285714285,0.23,5,0.0,0.0,4,7,0,2,high
CUST02393,At-Risk High Value,122,6,5816.6900000000005,2,5,5,12,0.16666666666666666,0.22166666666666668,4,0.0,0.0,0,29,0,0,high
CUST00001,At-Risk High Value,107,6,2955.57,2,5,4,11,0.16666666666666666,0.36333333333333334,3,0.0,0.0,1,20,0,0,high
CUST00025,At-Risk High Value,165,7,4868.86,1,5,5,11,0.0,0.31142857142857144,4,0.0,0.0,11,29,1,1,high
CUST00114,At-Risk High Value,239,6,5133.53,1,5,5,11,0.0,0.265,4,0.0,0.0,3,41,0,1,high
CUST00123,At-Risk High Value,102,6,2989.07,2,5,4,11,0.16666666666666666,0.34833333333333333,3,0.0,0.0,2,23,1,0,high
CUST00132,At-Risk High Value,117,5,4876.780000000001,2,4,5,11,0.0,0.346,3,0.0,0.0,1,24,0,0,high
CUST00146,At-Risk High Value,108,5,5942.68,2,4,5,11,0.2,0.188,5,0.0,0.0,4,30,0,1,high
CUST00211,At-Risk High Value,90,5,27215.920000000002,2,4,5,11,0.0,0.324,3,0.0,0.0,4,9,1,0,high
CUST00227,At-Risk High Value,153,6,4383.02,1,5,5,11,0.16666666666666666,0.2816666666666667,3,0.0,0.0,0,29,0,0,high
CUST00252,At-Risk High Value,190,6,5194.02,1,5,5,11,0.0,0.3216666666666667,3,0.0,0.0,4,23,0,2,high
CUST00319,At-Risk High Value,147,6,2585.4700000000003,2,5,4,11,0.0,0.32666666666666666,4,0.0,0.0,0,29,0,0,high
CUST00321,At-Risk High Value,116,6,3100.54,2,5,4,11,0.0,0.3133333333333333,6,0.0,0.0,1,20,0,2,high
CUST00366,At-Risk High Value,92,4,5279.17,2,4,5,11,0.0,0.185,2,0.0,0.0,2,26,0,0,high
CUST00375,At-Risk High Value,85,6,3564.29,2,5,4,11,0.0,0.32833333333333337,5,1.0,1.0,2,17,0,0,high
CUST00404,At-Risk High Value,193,6,4631.52,1,5,5,11,0.0,0.20666666666666667,3,0.0,0.0,1,31,0,1,high
CUST00432,At-Risk High Value,112,4,5036.07,2,4,5,11,0.0,0.2425,3,0.0,0.0,9,18,2,0,high
CUST00448,At-Risk High Value,136,5,4291.91,2,4,5,11,0.4,0.202,3,0.0,0.0,11,18,1,3,high
CUST00473,At-Risk High Value,121,6,3513.72,2,5,4,11,0.16666666666666666,0.24166666666666667,4,0.0,0.0,0,25,0,0,high
CUST00480,At-Risk High Value,148,7,4227.82,1,5,5,11,0.0,0.19285714285714287,3,0.0,0.0,2,28,0,0,high
CUST00532,At-Risk High Value,118,4,4895.42,2,4,5,11,0.0,0.3675,3,0.0,0.0,1,24,0,0,high
CUST00535,At-Risk High Value,138,5,5156.9,2,4,5,11,0.0,0.32,4,0.0,0.0,5,23,0,1,high
CUST00649,At-Risk High Value,124,6,3181.62,2,5,4,11,0.16666666666666666,0.28,3,0.0,0.0,5,16,2,0,high
CUST00675,At-Risk High Value,130,5,6478.51,2,4,5,11,0.0,0.26799999999999996,3,0.0,0.0,8,35,1,1,high
CUST00687,At-Risk High Value,117,5,4129.24,2,4,5,11,0.0,0.23600000000000004,4,0.0,0.0,1,34,0,0,high
CUST00693,At-Risk High Value,147,5,6136.5,2,4,5,11,0.0,0.18,4,0.0,0.0,0,5,0,0,high
CUST00701,At-Risk High Value,122,5,6476.26,2,4,5,11,0.0,0.162,3,0.0,0.0,10,26,1,0,high
CUST00734,At-Risk High Value,89,5,4981.82,2,4,5,11,0.2,0.366,3,0.0,0.0,6,30,2,0,high
CUST00783,At-Risk High Value,232,6,4123.36,1,5,5,11,0.0,0.37333333333333335,5,0.0,0.0,3,49,0,2,high
CUST00823,At-Risk High Value,146,8,3291.63,2,5,4,11,0.25,0.24625,2,0.0,0.0,2,33,0,0,high
CUST00826,At-Risk High Value,158,10,8171.4,1,5,5,11,0.0,0.332,5,0.0,0.0,9,34,2,0,high
CUST00835,At-Risk High Value,157,9,6888.030000000001,1,5,5,11,0.1111111111111111,0.27555555555555555,5,0.0,0.0,8,12,3,0,high
CUST00869,At-Risk High Value,93,6,3202.61,2,5,4,11,0.16666666666666666,0.35333333333333333,4,0.0,0.0,0,4,0,0,high
CUST00879,At-Risk High Value,155,6,5967.77,1,5,5,11,0.0,0.20833333333333334,3,0.0,0.0,4,24,0,0,high
CUST00898,At-Risk High Value,339,6,4353.639999999999,1,5,5,11,0.16666666666666666,0.305,3,0.0,0.0,2,60,1,1,high
CUST00961,At-Risk High Value,151,6,4247.5599999999995,1,5,5,11,0.16666666666666666,0.35333333333333333,5,0.0,0.0,2,43,0,0,high
CUST00990,At-Risk High Value,167,8,6096.85,1,5,5,11,0.125,0.31125,4,0.0,0.0,6,37,1,0,high
CUST00993,At-Risk High Value,164,7,6785.33,1,5,5,11,0.0,0.10714285714285714,5,0.0,0.0,1,39,0,0,high
CUST00999,At-Risk High Value,148,7,4930.56,1,5,5,11,0.0,0.30428571428571427,4,0.0,0.0,0,28,0,1,high
CUST01004,At-Risk High Value,215,7,5599.9,1,5,5,11,0.0,0.3385714285714286,4,0.0,0.0,1,49,0,0,high
CUST01014,At-Risk High Value,137,7,3972.09,2,5,4,11,0.0,0.26857142857142857,4,0.0,0.0,1,23,0,1,high
CUST01017,At-Risk High Value,133,5,4886.54,2,4,5,11,0.2,0.258,4,0.0,0.0,3,13,0,0,high
CUST01092,At-Risk High Value,196,9,7556.9,1,5,5,11,0.0,0.2833333333333333,3,0.0,0.0,2,15,1,0,high
CUST01124,At-Risk High Value,172,9,5960.1,1,5,5,11,0.0,0.34777777777777774,5,0.0,0.0,9,25,1,0,high
CUST01136,At-Risk High Value,97,7,3931.0,2,5,4,11,0.14285714285714285,0.2642857142857143,4,1.0,1.0,1,31,0,0,high
CUST01201,At-Risk High Value,158,7,5885.4,1,5,5,11,0.0,0.21285714285714286,5,0.0,0.0,7,24,2,0,high
CUST01214,At-Risk High Value,124,4,5584.12,2,4,5,11,0.0,0.2,3,0.0,0.0,2,31,0,0,high
CUST01223,At-Risk High Value,118,6,3738.91,2,5,4,11,0.0,0.29,3,0.0,0.0,1,29,0,0,high
CUST01258,At-Risk High Value,250,7,4454.38,1,5,5,11,0.0,0.35000000000000003,5,0.0,0.0,7,60,1,0,high
CUST01295,At-Risk High Value,121,4,12408.61,2,4,5,11,0.25,0.155,3,0.0,0.0,11,20,3,0,high
CUST01310,At-Risk High Value,139,5,4044.83,2,4,5,11,0.0,0.266,2,0.0,0.0,8,19,0,1,high
CUST01360,At-Risk High Value,160,8,12310.69,1,5,5,11,0.0,0.395,6,0.0,0.0,6,35,1,2,high
CUST01366,At-Risk High Value,98,6,3862.08,2,5,4,11,0.0,0.4466666666666666,4,0.0,0.0,4,30,0,0,high
CUST01404,At-Risk High Value,202,9,6788.52,1,5,5,11,0.1111111111111111,0.22333333333333336,4,0.0,0.0,12,24,2,1,high
CUST01450,At-Risk High Value,126,6,3188.3,2,5,4,11,0.16666666666666666,0.2633333333333333,4,0.0,0.0,2,33,0,0,high
CUST01452,At-Risk High Value,116,4,5779.52,2,4,5,11,0.0,0.205,4,0.0,0.0,10,18,1,0,high
CUST01491,At-Risk High Value,87,4,4053.23,2,4,5,11,0.0,0.185,3,0.0,0.0,6,16,0,0,high
CUST01495,At-Risk High Value,89,6,3722.74,2,5,4,11,0.0,0.2733333333333334,4,1.0,1.0,0,7,0,0,high
CUST01499,At-Risk High Value,133,5,4317.6,2,4,5,11,0.0,0.27799999999999997,3,0.0,0.0,3,28,0,0,high
CUST01507,At-Risk High Value,125,5,4142.6,2,4,5,11,0.2,0.26,4,0.0,0.0,5,33,0,0,high
CUST01616,At-Risk High Value,160,6,4472.110000000001,1,5,5,11,0.16666666666666666,0.3216666666666667,4,0.0,0.0,4,17,0,2,high
CUST01688,At-Risk High Value,130,4,4056.68,2,4,5,11,0.0,0.3275,3,0.0,0.0,9,26,1,0,high
CUST01692,At-Risk High Value,176,7,4276.32,1,5,5,11,0.2857142857142857,0.39,5,0.0,0.0,6,27,1,1,high
CUST01717,At-Risk High Value,125,5,5726.24,2,4,5,11,0.0,0.352,3,0.0,0.0,6,12,1,0,high
CUST01742,At-Risk High Value,130,6,3970.62,2,5,4,11,0.16666666666666666,0.21333333333333335,5,0.0,0.0,13,34,3,3,high
CUST01832,At-Risk High Value,95,5,5038.610000000001,2,4,5,11,0.0,0.286,3,0.0,0.0,3,30,1,0,high
CUST01836,At-Risk High Value,125,6,3567.04,2,5,4,11,0.0,0.2833333333333333,4,0.0,0.0,12,19,1,1,high
CUST01870,At-Risk High Value,91,4,4178.4,2,4,5,11,0.0,0.305,3,0.0,0.0,9,7,1,1,high
CUST01876,At-Risk High Value,143,5,4129.84,2,4,5,11,0.0,0.236,5,0.0,0.0,1,27,0,0,high
CUST01887,At-Risk High Value,126,6,3354.62,2,5,4,11,0.0,0.49000000000000005,4,0.0,0.0,1,30,0,1,high
CUST01958,At-Risk High Value,113,7,3390.38,2,5,4,11,0.14285714285714285,0.36428571428571427,2,0.0,0.0,5,20,0,0,high
CUST01976,At-Risk High Value,100,5,4264.75,2,4,5,11,0.2,0.124,4,1.0,1.0,15,25,4,1,high
CUST01978,At-Risk High Value,156,7,6034.36,1,5,5,11,0.14285714285714285,0.3842857142857143,5,0.0,0.0,2,27,0,1,high
CUST01995,At-Risk High Value,144,5,2602.16,2,5,4,11,0.0,0.292,4,0.0,0.0,2,24,0,0,high
CUST02007,At-Risk High Value,152,6,5058.75,1,5,5,11,0.0,0.18666666666666668,4,0.0,0.0,5,33,1,1,high
CUST02011,At-Risk High Value,130,4,4620.1,2,4,5,11,0.0,0.265,4,0.0,0.0,2,27,0,0,high
CUST02046,At-Risk High Value,282,6,4967.95,1,5,5,11,0.0,0.155,2,0.0,0.0,6,52,0,2,high
CUST02061,At-Risk High Value,102,5,3294.69,2,5,4,11,0.0,0.194,3,0.0,0.0,7,13,1,1,high
CUST02081,At-Risk High Value,166,9,5848.4400000000005,1,5,5,11,0.0,0.3622222222222222,5,0.0,0.0,3,45,0,1,high
CUST02107,At-Risk High Value,90,5,3080.15,2,5,4,11,0.0,0.22000000000000003,4,0.0,0.0,8,30,0,1,high
CUST02170,At-Risk High Value,138,6,3749.08,2,5,4,11,0.3333333333333333,0.38833333333333336,4,0.0,0.0,3,25,1,1,high
CUST02174,At-Risk High Value,139,7,3517.69,2,5,4,11,0.0,0.3385714285714286,4,0.0,0.0,12,30,1,2,high
CUST02186,At-Risk High Value,122,5,3170.84,2,5,4,11,0.0,0.266,3,0.0,0.0,5,26,1,1,high
CUST02214,At-Risk High Value,213,6,5751.179999999999,1,5,5,11,0.3333333333333333,0.23500000000000001,3,0.0,0.0,3,22,0,1,high
CUST02289,At-Risk High Value,93,4,4308.88,2,4,5,11,0.0,0.3,3,0.0,0.0,6,6,0,0,high
CUST02312,At-Risk High Value,205,7,4727.71,1,5,5,11,0.0,0.29857142857142854,3,0.0,0.0,3,48,0,2,high
CUST02321,At-Risk High Value,172,6,4633.05,1,5,5,11,0.0,0.33166666666666667,4,0.0,0.0,3,18,0,2,high
CUST02348,At-Risk High Value,115,4,4886.8,2,4,5,11,0.0,0.2825,3,0.0,0.0,6,33,0,1,high
CUST00066,At-Risk High Value,320,5,4598.95,1,4,5,10,0.0,0.292,5,0.0,0.0,11,60,1,1,high
CUST00091,At-Risk High Value,90,4,3726.87,2,4,4,10,0.0,0.16499999999999998,3,0.0,0.0,9,11,2,0,high
CUST00099,At-Risk High Value,144,5,3410.87,2,4,4,10,0.0,0.192,4,0.0,0.0,4,27,0,2,high
CUST00101,At-Risk High Value,108,5,3514.87,2,4,4,10,0.0,0.274,5,0.0,0.0,2,27,1,0,high
CUST00109,At-Risk High Value,92,5,3837.05,2,4,4,10,0.0,0.332,3,0.0,0.0,1,16,0,1,high
CUST00164,At-Risk High Value,222,5,4657.03,1,4,5,10,0.0,0.24,4,0.0,0.0,1,57,0,0,high
CUST00219,At-Risk High Value,154,6,2782.79,1,5,4,10,0.0,0.36166666666666664,3,0.0,0.0,3,30,1,1,high
CUST00229,At-Risk High Value,92,5,3077.41,2,4,4,10,0.0,0.304,4,0.0,0.0,8,8,0,0,high
CUST00266,At-Risk High Value,158,4,5306.62,1,4,5,10,0.25,0.255,2,0.0,0.0,1,22,0,0,high
CUST00275,At-Risk High Value,241,6,3879.21,1,5,4,10,0.0,0.22,3,0.0,0.0,5,51,1,1,high
CUST00324,At-Risk High Value,274,4,6039.5599999999995,1,4,5,10,0.25,0.1925,3,0.0,0.0,0,60,0,0,high
CUST00339,At-Risk High Value,92,4,2671.88,2,4,4,10,0.25,0.3125,3,0.0,0.0,13,12,1,0,high
CUST00344,At-Risk High Value,189,5,4461.57,1,4,5,10,0.0,0.17200000000000001,5,0.0,0.0,5,41,1,0,high
CUST00456,At-Risk High Value,147,4,3440.2,2,4,4,10,0.0,0.1575,3,0.0,0.0,0,37,0,1,high
CUST00541,At-Risk High Value,132,5,3404.94,2,4,4,10,0.0,0.32599999999999996,4,0.0,0.0,1,31,0,2,high
CUST00573,At-Risk High Value,125,5,2912.39,2,4,4,10,0.0,0.372,4,0.0,0.0,0,25,0,0,high
CUST00638,At-Risk High Value,173,6,3093.33,1,5,4,10,0.0,0.3466666666666667,3,0.0,0.0,0,44,0,0,high
CUST00740,At-Risk High Value,261,5,4065.24,1,4,5,10,0.2,0.37,3,0.0,0.0,5,59,1,2,high
CUST00763,At-Risk High Value,188,4,4210.57,1,4,5,10,0.0,0.2375,3,0.0,0.0,0,47,0,0,high
CUST00776,At-Risk High Value,135,4,3024.9399999999996,2,4,4,10,0.0,0.245,3,0.0,0.0,0,35,0,0,high
CUST00786,At-Risk High Value,150,5,5359.3,1,4,5,10,0.2,0.11400000000000002,3,0.0,0.0,1,28,0,0,high
CUST00792,At-Risk High Value,148,6,2976.79,1,5,4,10,0.0,0.4583333333333333,2,0.0,0.0,4,39,0,0,high
CUST00795,At-Risk High Value,138,4,3787.58,2,4,4,10,0.0,0.2,2,0.0,0.0,2,30,0,0,high
CUST00811,At-Risk High Value,184,6,3477.9399999999996,1,5,4,10,0.0,0.3983333333333334,3,0.0,0.0,2,30,1,1,high
CUST00845,At-Risk High Value,96,4,2758.2200000000003,2,4,4,10,0.0,0.31,3,1.0,1.0,4,20,0,0,high
CUST00883,At-Risk High Value,126,3,6706.94,2,3,5,10,0.0,0.07666666666666667,3,0.0,0.0,1,21,0,1,high
CUST00937,At-Risk High Value,126,5,3342.44,2,4,4,10,0.0,0.16999999999999998,3,0.0,0.0,2,10,0,2,high
CUST00960,At-Risk High Value,146,4,3772.4900000000002,2,4,4,10,0.25,0.2125,3,0.0,0.0,1,16,0,0,high
CUST00989,At-Risk High Value,158,5,4165.87,1,4,5,10,0.0,0.22999999999999998,2,0.0,0.0,0,47,0,0,high
CUST00992,At-Risk High Value,272,5,4442.45,1,4,5,10,0.0,0.322,5,0.0,0.0,6,46,1,3,high
CUST01001,At-Risk High Value,313,5,4064.54,1,4,5,10,0.0,0.22800000000000004,2,0.0,0.0,1,57,0,2,high
CUST01055,At-Risk High Value,206,4,4625.5599999999995,1,4,5,10,0.25,0.17500000000000002,4,0.0,0.0,12,37,1,3,high
CUST01068,At-Risk High Value,130,5,3945.95,2,4,4,10,0.0,0.292,3,0.0,0.0,2,16,1,0,high
CUST01110,At-Risk High Value,260,6,3554.06,1,5,4,10,0.0,0.37333333333333335,3,0.0,0.0,1,60,0,0,high
CUST01125,At-Risk High Value,245,5,4034.96,1,4,5,10,0.2,0.288,5,0.0,0.0,2,54,1,1,high
CUST01151,At-Risk High Value,105,4,3131.54,2,4,4,10,0.0,0.155,3,0.0,0.0,1,26,0,1,high
CUST01161,At-Risk High Value,154,5,4953.99,1,4,5,10,0.2,0.21600000000000003,3,0.0,0.0,5,31,1,0,high
CUST01182,At-Risk High Value,108,4,3106.33,2,4,4,10,0.0,0.245,2,0.0,0.0,8,31,2,0,high
CUST01277,At-Risk High Value,99,5,3500.13,2,4,4,10,0.0,0.31,4,0.0,0.0,6,12,1,2,high
CUST01284,At-Risk High Value,192,5,4033.89,1,4,5,10,0.0,0.336,4,0.0,0.0,1,25,0,0,high
CUST01322,At-Risk High Value,96,4,3476.6,2,4,4,10,0.0,0.2525,3,0.0,0.0,2,20,0,0,high
CUST01325,At-Risk High Value,186,5,5492.81,1,4,5,10,0.0,0.22400000000000003,3,0.0,0.0,1,43,0,0,high
CUST01326,At-Risk High Value,131,3,4393.63,2,3,5,10,0.0,0.35000000000000003,2,0.0,0.0,3,23,0,0,high
CUST01359,At-Risk High Value,106,5,3628.17,2,4,4,10,0.0,0.274,5,0.0,0.0,3,15,1,1,high
CUST01406,At-Risk High Value,222,5,5888.31,1,4,5,10,0.0,0.21400000000000002,2,0.0,0.0,2,46,0,0,high
CUST01417,At-Risk High Value,149,7,3650.18,1,5,4,10,0.0,0.27714285714285714,4,0.0,0.0,3,26,0,0,high
CUST01437,At-Risk High Value,246,5,4720.65,1,4,5,10,0.2,0.196,3,0.0,0.0,2,58,1,0,high
CUST01442,At-Risk High Value,105,4,3545.52,2,4,4,10,0.25,0.185,3,0.0,0.0,9,18,1,1,high
CUST01457,At-Risk High Value,248,4,4798.75,1,4,5,10,0.0,0.3275,3,0.0,0.0,0,46,0,0,high
CUST01481,At-Risk High Value,122,4,3016.96,2,4,4,10,0.0,0.2375,4,0.0,0.0,4,17,0,1,high
CUST01482,At-Risk High Value,158,5,5965.95,1,4,5,10,0.0,0.246,2,0.0,0.0,1,44,0,1,high
CUST01500,At-Risk High Value,95,4,3285.09,2,4,4,10,0.0,0.28500000000000003,2,0.0,0.0,8,18,1,0,high
CUST01506,At-Risk High Value,140,4,2676.48,2,4,4,10,0.0,0.235,3,0.0,0.0,4,32,0,0,high
CUST01511,At-Risk High Value,88,4,2601.14,2,4,4,10,0.0,0.135,3,0.0,0.0,11,28,2,1,high
CUST01519,At-Risk High Value,105,4,3686.74,2,4,4,10,0.0,0.2425,3,0.0,0.0,0,20,0,0,high
CUST01530,At-Risk High Value,182,5,4146.860000000001,1,4,5,10,0.2,0.28200000000000003,4,0.0,0.0,7,35,0,2,high
CUST01532,At-Risk High Value,159,6,2788.44,1,5,4,10,0.0,0.23666666666666666,3,0.0,0.0,6,29,0,1,high
CUST01552,At-Risk High Value,108,5,2594.91,2,4,4,10,0.0,0.296,3,0.0,0.0,3,19,0,0,high
CUST01571,At-Risk High Value,253,5,4663.12,1,4,5,10,0.0,0.352,3,0.0,0.0,1,51,0,1,high
CUST01587,At-Risk High Value,129,5,3345.9300000000003,2,4,4,10,0.2,0.314,4,0.0,0.0,10,39,1,0,high
CUST01588,At-Risk High Value,145,4,3378.07,2,4,4,10,0.0,0.1775,3,0.0,0.0,2,38,0,0,high
CUST01641,At-Risk High Value,101,4,2914.92,2,4,4,10,0.0,0.1975,2,0.0,0.0,13,22,1,0,high
CUST01666,At-Risk High Value,318,5,4392.38,1,4,5,10,0.0,0.246,4,0.0,0.0,5,57,0,4,high
CUST01685,At-Risk High Value,278,6,3081.38,1,5,4,10,0.16666666666666666,0.29333333333333333,3,0.0,0.0,2,49,0,0,high
CUST01699,At-Risk High Value,242,6,3095.45,1,5,4,10,0.0,0.3333333333333333,4,0.0,0.0,2,60,0,0,high
CUST01731,At-Risk High Value,102,4,2888.49,2,4,4,10,0.0,0.2675,3,0.0,0.0,1,15,0,2,high
CUST01734,At-Risk High Value,160,5,5871.23,1,4,5,10,0.0,0.22200000000000003,5,0.0,0.0,2,39,0,0,high
CUST01755,At-Risk High Value,152,6,3652.4,1,5,4,10,0.16666666666666666,0.17833333333333334,4,0.0,0.0,3,29,1,0,high
CUST01773,At-Risk High Value,196,5,4845.14,1,4,5,10,0.0,0.152,2,0.0,0.0,5,41,1,2,high
CUST01774,At-Risk High Value,152,6,3826.09,1,5,4,10,0.3333333333333333,0.3333333333333333,3,0.0,0.0,0,22,0,2,high
CUST01798,At-Risk High Value,103,4,3577.66,2,4,4,10,0.0,0.2575,2,0.0,0.0,5,2,1,0,high
CUST01824,At-Risk High Value,201,5,5499.38,1,4,5,10,0.0,0.194,3,0.0,0.0,4,37,1,1,high
CUST01853,At-Risk High Value,153,6,3611.41,1,5,4,10,0.16666666666666666,0.43166666666666664,3,0.0,0.0,0,27,0,0,high
CUST01910,At-Risk High Value,130,5,2642.55,2,4,4,10,0.0,0.21400000000000002,3,0.0,0.0,1,40,0,0,high
CUST02008,At-Risk High Value,228,4,4601.66,1,4,5,10,0.25,0.2575,2,0.0,0.0,3,39,1,0,high
CUST02015,At-Risk High Value,212,4,5003.34,1,4,5,10,0.0,0.1275,3,0.0,0.0,4,47,0,0,high
CUST02033,At-Risk High Value,112,4,2919.45,2,4,4,10,0.0,0.1675,3,0.0,0.0,9,25,1,1,high
CUST02065,At-Risk High Value,172,5,3492.37,1,5,4,10,0.2,0.35600000000000004,4,0.0,0.0,1,37,0,0,high
CUST02131,At-Risk High Value,93,4,2614.58,2,4,4,10,0.0,0.35,2,0.0,0.0,2,29,0,0,high
CUST02169,At-Risk High Value,94,4,3065.81,2,4,4,10,0.0,0.1675,2,0.0,0.0,9,16,3,1,high
CUST02185,At-Risk High Value,210,6,2701.7200000000003,1,5,4,10,0.0,0.33499999999999996,5,0.0,0.0,1,44,0,1,high
CUST02189,At-Risk High Value,87,4,2813.7799999999997,2,4,4,10,0.0,0.2625,3,0.0,0.0,6,17,0,0,high
CUST02199,At-Risk High Value,96,4,2638.62,2,4,4,10,0.25,0.205,2,1.0,1.0,3,16,0,0,high
CUST02241,At-Risk High Value,114,4,3532.06,2,4,4,10,0.0,0.1475,3,0.0,0.0,0,31,0,0,high
CUST02243,At-Risk High Value,133,4,2923.57,2,4,4,10,0.25,0.1975,2,0.0,0.0,7,31,1,0,high
CUST02291,At-Risk High Value,214,6,3936.09,1,5,4,10,0.0,0.3116666666666667,4,0.0,0.0,3,31,0,0,high
CUST02293,At-Risk High Value,287,4,4413.400000000001,1,4,5,10,0.0,0.1925,3,0.0,0.0,4,44,1,0,high
CUST02311,At-Risk High Value,200,6,2984.76,1,5,4,10,0.0,0.38166666666666665,3,0.0,0.0,3,38,0,2,high
CUST02353,At-Risk High Value,150,5,3152.52,1,5,4,10,0.0,0.368,2,0.0,0.0,6,24,1,1,high
CUST02366,At-Risk High Value,219,5,2837.05,1,5,4,10,0.0,0.32199999999999995,4,0.0,0.0,4,34,0,0,high
CUST02368,At-Risk High Value,157,4,4203.85,1,4,5,10,0.25,0.3325,2,0.0,0.0,2,33,0,0,high
CUST00020,At-Risk High Value,368,3,4487.950000000001,1,3,5,9,0.0,0.13,3,0.0,0.0,0,60,0,0,high
CUST00051,At-Risk High Value,210,4,4444.3,1,3,5,9,0.0,0.3525,3,0.0,0.0,6,35,1,2,high
CUST00072,At-Risk High Value,90,4,2587.02,2,3,4,9,0.0,0.1925,3,0.0,0.0,7,26,2,1,high
CUST00094,At-Risk High Value,183,4,3557.43,1,4,4,9,0.0,0.1975,3,0.0,0.0,6,60,1,1,high
CUST00124,At-Risk High Value,194,4,2570.5,1,4,4,9,0.0,0.3375,2,0.0,0.0,5,43,1,0,high
CUST00209,At-Risk High Value,279,5,3422.88,1,4,4,9,0.2,0.192,3,0.0,0.0,3,46,0,0,high
CUST00225,At-Risk High Value,88,3,3012.6,2,3,4,9,0.0,0.32,3,0.0,0.0,3,19,0,0,high
CUST00254,At-Risk High Value,183,4,3041.57,1,4,4,9,0.0,0.33999999999999997,2,0.0,0.0,4,26,0,1,high
CUST00304,At-Risk High Value,87,3,2837.27,2,3,4,9,0.0,0.23666666666666666,2,0.0,0.0,4,5,1,3,high
CUST00331,At-Risk High Value,151,5,3450.66,1,4,4,9,0.2,0.422,2,0.0,0.0,1,27,0,0,high
CUST00347,At-Risk High Value,184,4,3311.46,1,4,4,9,0.0,0.3825,3,0.0,0.0,8,45,1,1,high
CUST00355,At-Risk High Value,171,4,3405.2,1,4,4,9,0.0,0.1175,3,0.0,0.0,4,32,1,2,high
CUST00371,At-Risk High Value,124,3,2631.54,2,3,4,9,0.0,0.16666666666666666,2,0.0,0.0,4,10,1,0,high
CUST00399,At-Risk High Value,262,4,2749.65,1,4,4,9,0.0,0.3025,4,0.0,0.0,3,45,0,0,high
CUST00417,At-Risk High Value,151,4,2750.0299999999997,1,4,4,9,0.0,0.2525,3,0.0,0.0,0,28,0,1,high
CUST00470,At-Risk High Value,166,5,3508.62,1,4,4,9,0.0,0.362,3,0.0,0.0,1,41,0,0,high
CUST00472,At-Risk High Value,114,3,2846.8,2,3,4,9,0.0,0.15333333333333332,2,0.0,0.0,0,29,0,0,high
CUST00485,At-Risk High Value,228,5,2971.02,1,4,4,9,0.0,0.426,3,0.0,0.0,1,49,1,1,high
CUST00510,At-Risk High Value,162,4,3630.48,1,4,4,9,0.25,0.27249999999999996,2,0.0,0.0,4,29,1,1,high
CUST00553,At-Risk High Value,293,4,3183.11,1,4,4,9,0.0,0.31,4,0.0,0.0,2,56,0,0,high
CUST00583,At-Risk High Value,263,4,3652.46,1,4,4,9,0.0,0.1325,3,0.0,0.0,2,51,0,0,high
CUST00590,At-Risk High Value,140,3,3961.05,2,3,4,9,0.0,0.24333333333333332,3,0.0,0.0,7,25,0,3,high
CUST00599,At-Risk High Value,169,4,2898.52,1,4,4,9,0.0,0.2475,2,0.0,0.0,2,29,1,1,high
CUST00605,At-Risk High Value,160,5,3199.79,1,4,4,9,0.0,0.23399999999999999,3,0.0,0.0,8,33,2,0,high
CUST00611,At-Risk High Value,235,4,3472.66,1,4,4,9,0.25,0.2575,3,0.0,0.0,5,60,1,0,high
CUST00670,At-Risk High Value,242,4,3756.69,1,4,4,9,0.0,0.345,2,0.0,0.0,0,52,0,1,high
CUST00697,At-Risk High Value,247,4,3657.69,1,4,4,9,0.25,0.2275,4,0.0,0.0,1,47,0,0,high
CUST00719,At-Risk High Value,168,4,2610.39,1,4,4,9,0.25,0.37,3,0.0,0.0,2,38,1,0,high
CUST00720,At-Risk High Value,291,5,3086.61,1,4,4,9,0.2,0.406,3,0.0,0.0,1,53,0,1,high
CUST00756,At-Risk High Value,113,3,3223.87,2,3,4,9,0.0,0.19666666666666668,1,0.0,0.0,0,17,0,0,high
CUST00765,At-Risk High Value,98,3,2692.35,2,3,4,9,0.0,0.34,2,0.0,0.0,2,12,1,0,high
CUST00778,At-Risk High Value,331,4,3444.29,1,4,4,9,0.0,0.155,3,0.0,0.0,1,57,0,0,high
CUST00794,At-Risk High Value,171,5,2824.37,1,4,4,9,0.0,0.198,4,0.0,0.0,7,39,0,0,high
CUST00796,At-Risk High Value,151,3,5388.48,1,3,5,9,0.0,0.22333333333333336,3,0.0,0.0,8,19,2,0,high
CUST00814,At-Risk High Value,88,3,3998.29,2,3,4,9,0.0,0.2733333333333334,3,0.0,0.0,14,16,3,0,high
CUST00815,At-Risk High Value,137,3,3282.1400000000003,2,3,4,9,0.0,0.20333333333333334,2,0.0,0.0,3,31,0,0,high
CUST00862,At-Risk High Value,453,4,3934.7400000000002,1,4,4,9,0.0,0.235,4,0.0,0.0,2,60,0,0,high
CUST00941,At-Risk High Value,183,5,3758.0600000000004,1,4,4,9,0.0,0.294,4,0.0,0.0,6,46,0,1,high
CUST00943,At-Risk High Value,346,5,3965.95,1,4,4,9,0.0,0.304,4,0.0,0.0,2,60,0,0,high
CUST01031,At-Risk High Value,174,5,3089.5600000000004,1,4,4,9,0.0,0.406,3,0.0,0.0,4,48,1,0,high
CUST01054,At-Risk High Value,176,5,2628.9300000000003,1,4,4,9,0.0,0.378,3,0.0,0.0,1,41,0,0,high
CUST01062,At-Risk High Value,294,5,2991.27,1,4,4,9,0.0,0.194,4,0.0,0.0,1,50,0,2,high
CUST01097,At-Risk High Value,233,5,2841.22,1,4,4,9,0.0,0.25,4,0.0,0.0,4,45,0,0,high
CUST01135,At-Risk High Value,93,3,3302.06,2,3,4,9,0.0,0.2733333333333334,3,0.0,0.0,2,18,1,0,high
CUST01196,At-Risk High Value,111,3,3110.08,2,3,4,9,0.3333333333333333,0.34,2,0.0,0.0,9,16,1,1,high
CUST01228,At-Risk High Value,212,4,2998.23,1,4,4,9,0.0,0.10750000000000001,2,0.0,0.0,1,28,0,0,high
CUST01234,At-Risk High Value,115,3,2999.91,2,3,4,9,0.0,0.2733333333333334,3,0.0,0.0,3,32,0,1,high
CUST01235,At-Risk High Value,161,5,3111.29,1,4,4,9,0.0,0.174,3,0.0,0.0,3,26,0,1,high
CUST01317,At-Risk High Value,256,4,3389.0,1,4,4,9,0.0,0.185,3,0.0,0.0,1,48,0,0,high
CUST01334,At-Risk High Value,160,4,2962.17,1,4,4,9,0.0,0.1625,2,0.0,0.0,1,39,0,0,high
CUST01391,At-Risk High Value,94,3,3715.46,2,3,4,9,0.0,0.16,3,0.0,0.0,11,20,1,1,high
CUST01411,At-Risk High Value,183,5,3777.5,1,4,4,9,0.0,0.398,4,0.0,0.0,0,51,0,0,high
CUST01446,At-Risk High Value,132,3,2796.4,2,3,4,9,0.0,0.11,3,0.0,0.0,5,21,1,0,high
CUST01470,At-Risk High Value,241,4,2987.34,1,4,4,9,0.0,0.325,4,0.0,0.0,1,60,1,0,high
CUST01575,At-Risk High Value,165,3,4439.9800000000005,1,3,5,9,0.0,0.16333333333333333,3,0.0,0.0,1,42,0,0,high
CUST01591,At-Risk High Value,136,3,2829.57,2,3,4,9,0.3333333333333333,0.23666666666666666,2,0.0,0.0,4,23,1,0,high
CUST01603,At-Risk High Value,166,4,2882.1099999999997,1,4,4,9,0.25,0.1875,3,0.0,0.0,0,27,0,0,high
CUST01627,At-Risk High Value,295,4,2804.23,1,4,4,9,0.0,0.34750000000000003,2,0.0,0.0,1,53,0,0,high
CUST01643,At-Risk High Value,182,5,3485.7299999999996,1,4,4,9,0.0,0.276,4,0.0,0.0,5,30,0,2,high
CUST01719,At-Risk High Value,148,4,2725.06,1,4,4,9,0.0,0.215,2,0.0,0.0,4,20,0,0,high
CUST01746,At-Risk High Value,239,4,2960.62,1,4,4,9,0.0,0.3525,2,0.0,0.0,1,48,0,2,high
CUST01777,At-Risk High Value,167,5,3035.66,1,4,4,9,0.2,0.294,3,0.0,0.0,6,44,0,1,high
CUST01779,At-Risk High Value,167,4,3408.21,1,4,4,9,0.0,0.2025,3,0.0,0.0,3,37,0,2,high
CUST01818,At-Risk High Value,168,5,3080.04,1,4,4,9,0.0,0.266,4,0.0,0.0,1,38,0,0,high
CUST01894,At-Risk High Value,195,4,3166.55,1,4,4,9,0.0,0.27749999999999997,4,0.0,0.0,2,23,1,2,high
CUST01915,At-Risk High Value,273,4,3357.25,1,4,4,9,0.0,0.315,3,0.0,0.0,1,57,0,0,high
CUST01918,At-Risk High Value,170,4,3621.08,1,4,4,9,0.0,0.1575,3,0.0,0.0,1,39,0,1,high
CUST01920,At-Risk High Value,215,4,2814.54,1,4,4,9,0.25,0.275,2,0.0,0.0,1,48,0,0,high
CUST01973,At-Risk High Value,89,3,2694.88,2,3,4,9,0.0,0.21666666666666667,2,0.0,0.0,18,23,2,2,high
CUST02010,At-Risk High Value,97,2,3814.95,2,3,4,9,0.0,0.185,2,0.0,0.0,6,24,1,3,high
CUST02051,At-Risk High Value,85,3,2953.97,2,3,4,9,0.0,0.27666666666666667,2,1.0,1.0,0,23,0,0,high
CUST02062,At-Risk High Value,161,4,3844.48,1,4,4,9,0.0,0.255,2,0.0,0.0,0,22,0,0,high
CUST02076,At-Risk High Value,213,4,3480.34,1,4,4,9,0.0,0.255,2,0.0,0.0,1,35,0,1,high
CUST02117,At-Risk High Value,92,3,2584.4,2,3,4,9,0.0,0.21333333333333335,3,0.0,0.0,6,18,1,2,high
CUST02180,At-Risk High Value,122,3,2631.13,2,3,4,9,0.0,0.19333333333333336,3,0.0,0.0,7,20,0,1,high
CUST02191,At-Risk High Value,158,4,2674.4,1,4,4,9,0.0,0.225,3,0.0,0.0,4,13,0,0,high
CUST02198,At-Risk High Value,96,3,3118.08,2,3,4,9,0.0,0.3133333333333333,3,0.0,0.0,3,28,0,0,high
CUST02228,At-Risk High Value,87,3,2870.67,2,3,4,9,0.6666666666666666,0.3466666666666667,2,1.0,0.0,4,3,1,0,high
CUST02300,At-Risk High Value,104,3,3051.79,2,3,4,9,0.0,0.14333333333333334,2,0.0,0.0,1,29,0,1,high
CUST02350,At-Risk High Value,132,3,3619.51,2,3,4,9,0.0,0.2966666666666667,3,0.0,0.0,1,21,0,1,high
CUST02399,At-Risk High Value,276,4,2579.22,1,4,4,9,0.0,0.36,3,0.0,0.0,1,60,1,1,high
CUST00183,At-Risk High Value,152,3,3246.8900000000003,1,3,4,8,0.0,0.25,3,0.0,0.0,1,26,0,1,high
CUST00459,At-Risk High Value,237,3,2928.0299999999997,1,3,4,8,0.3333333333333333,0.18000000000000002,2,0.0,0.0,5,49,1,0,high
CUST00507,At-Risk High Value,120,2,3345.6800000000003,2,2,4,8,0.0,0.36,1,0.0,0.0,1,26,0,0,high
CUST00639,At-Risk High Value,369,3,2753.19,1,3,4,8,0.0,0.17333333333333334,3,0.0,0.0,1,58,0,0,high
CUST00645,At-Risk High Value,252,3,2730.59,1,3,4,8,0.0,0.44333333333333336,2,0.0,0.0,0,47,0,0,high
CUST00772,At-Risk High Value,190,3,3114.63,1,3,4,8,0.0,0.2833333333333333,2,0.0,0.0,9,27,1,1,high
CUST00878,At-Risk High Value,134,2,2578.68,2,2,4,8,0.0,0.13,2,0.0,0.0,12,14,2,1,high
CUST00907,At-Risk High Value,220,3,2874.51,1,3,4,8,0.0,0.37333333333333335,2,0.0,0.0,2,60,1,0,high
CUST00950,At-Risk High Value,209,3,3765.9,1,3,4,8,0.0,0.16666666666666666,3,0.0,0.0,5,50,0,0,high
CUST01053,At-Risk High Value,146,2,2622.57,2,2,4,8,0.0,0.205,1,0.0,0.0,0,32,0,0,high
CUST01186,At-Risk High Value,153,3,2962.35,1,3,4,8,0.0,0.21666666666666667,2,0.0,0.0,1,36,0,0,high
CUST01189,At-Risk High Value,161,3,3126.0299999999997,1,3,4,8,0.0,0.14333333333333334,2,0.0,0.0,7,16,1,0,high
CUST01246,At-Risk High Value,262,3,2938.8999999999996,1,3,4,8,0.0,0.33666666666666667,3,0.0,0.0,1,60,0,3,high
CUST01370,At-Risk High Value,161,3,3575.2599999999998,1,3,4,8,0.0,0.18333333333333335,3,0.0,0.0,2,35,0,0,high
CUST01527,At-Risk High Value,326,3,2802.84,1,3,4,8,0.0,0.36333333333333334,2,0.0,0.0,1,60,0,1,high
CUST01549,At-Risk High Value,167,3,3126.75,1,3,4,8,0.0,0.19666666666666666,2,0.0,0.0,15,45,1,0,high
CUST01574,At-Risk High Value,161,3,2673.15,1,3,4,8,0.0,0.31,3,0.0,0.0,2,35,0,1,high
CUST01891,At-Risk High Value,217,2,3614.49,1,3,4,8,0.0,0.3,2,0.0,0.0,0,30,0,0,high
CUST01927,At-Risk High Value,163,3,3362.8999999999996,1,3,4,8,0.0,0.3,2,0.0,0.0,1,25,0,1,high
CUST01957,At-Risk High Value,210,3,2989.2,1,3,4,8,0.0,0.2833333333333333,3,0.0,0.0,3,50,0,0,high
CUST02080,At-Risk High Value,178,3,2768.41,1,3,4,8,0.3333333333333333,0.25333333333333335,2,0.0,0.0,1,37,0,2,high
CUST02092,At-Risk High Value,174,3,2595.52,1,3,4,8,0.0,0.17,3,0.0,0.0,2,31,0,0,high
CUST02277,At-Risk High Value,218,2,3384.3,1,3,4,8,0.0,0.115,2,0.0,0.0,4,49,0,0,high
CUST00089,At-Risk High Value,165,2,2825.75,1,2,4,7,0.0,0.25,2,0.0,0.0,12,31,0,3,high
CUST00159,At-Risk High Value,474,2,3713.77,1,2,4,7,0.0,0.27,2,0.0,0.0,0,60,0,0,high
CUST00578,At-Risk High Value,376,2,3054.7200000000003,1,2,4,7,0.0,0.095,2,0.0,0.0,2,60,0,2,high
CUST01028,At-Risk High Value,173,1,2809.6,1,1,4,6,0.0,0.26,1,0.0,0.0,6,45,1,0,high
CUST00029,Champions,18,8,5252.9,5,5,5,15,0.0,0.23374999999999999,3,0.0,0.0,1,0,0,0,low
CUST00075,Champions,3,9,6791.61,5,5,5,15,0.0,0.3011111111111111,5,0.0,0.0,10,13,1,0,low
CUST00081,Champions,19,8,5311.16,5,5,5,15,0.25,0.16,4,0.0,0.0,12,0,1,0,low
CUST00097,Champions,1,7,4703.46,5,5,5,15,0.14285714285714285,0.3685714285714286,4,0.0,0.0,0,0,0,0,low
CUST00112,Champions,0,8,5576.25,5,5,5,15,0.125,0.23875,4,0.0,0.0,4,0,0,0,low
CUST00154,Champions,10,8,7145.24,5,5,5,15,0.0,0.23375,4,0.0,0.0,8,2,1,0,low
CUST00170,Champions,9,10,6759.48,5,5,5,15,0.0,0.27,3,0.0,0.0,5,0,1,0,low
CUST00172,Champions,8,7,4910.65,5,5,5,15,0.0,0.36428571428571427,4,1.0,0.0,5,0,0,2,medium
CUST00197,Champions,15,9,8552.59,5,5,5,15,0.0,0.30444444444444446,6,1.0,1.0,11,10,0,0,medium
CUST00200,Champions,15,6,6239.45,5,5,5,15,0.0,0.17166666666666666,4,0.0,0.0,7,2,0,4,low
CUST00272,Champions,12,13,13721.27,5,5,5,15,0.0,0.22307692307692306,4,0.0,0.0,7,1,0,0,low
CUST00273,Champions,13,8,6009.55,5,5,5,15,0.125,0.1925,3,0.0,0.0,7,1,2,1,low
CUST00279,Champions,12,8,5366.55,5,5,5,15,0.0,0.34875,4,0.0,0.0,9,0,1,2,low
CUST00280,Champions,10,8,7231.759999999999,5,5,5,15,0.0,0.26875,5,0.0,0.0,6,4,1,0,low
CUST00283,Champions,18,10,7871.0,5,5,5,15,0.2,0.327,5,1.0,1.0,8,6,1,0,medium
CUST00301,Champions,9,7,7023.07,5,5,5,15,0.0,0.18285714285714286,3,1.0,1.0,7,13,1,0,medium
CUST00315,Champions,17,10,10137.960000000001,5,5,5,15,0.0,0.337,5,0.0,0.0,11,0,1,4,low
CUST00323,Champions,5,8,7225.06,5,5,5,15,0.0,0.32875,4,0.0,0.0,6,9,1,0,low
CUST00351,Champions,9,7,7447.2,5,5,5,15,0.14285714285714285,0.21,4,1.0,1.0,4,1,1,0,medium
CUST00359,Champions,3,8,6332.549999999999,5,5,5,15,0.0,0.25,3,0.0,0.0,0,0,0,0,low
CUST00360,Champions,2,6,8052.9800000000005,5,5,5,15,0.0,0.165,3,0.0,0.0,1,0,0,0,high
CUST00383,Champions,8,6,4050.1099999999997,5,5,5,15,0.16666666666666666,0.20000000000000004,3,1.0,1.0,14,1,3,1,medium
CUST00386,Champions,0,6,4989.88,5,5,5,15,0.0,0.24166666666666667,4,0.0,0.0,13,1,3,2,low
CUST00389,Champions,14,9,6570.38,5,5,5,15,0.0,0.29888888888888887,3,1.0,1.0,11,14,0,2,medium
CUST00421,Champions,0,7,5557.389999999999,5,5,5,15,0.14285714285714285,0.2928571428571428,3,0.0,0.0,4,0,1,0,low
CUST00460,Champions,19,11,9241.95,5,5,5,15,0.09090909090909091,0.2690909090909091,6,1.0,1.0,8,14,0,1,medium
CUST00524,Champions,11,10,7161.96,5,5,5,15,0.1,0.282,4,0.0,0.0,10,11,0,1,low
CUST00557,Champions,16,6,4460.42,5,5,5,15,0.0,0.215,4,0.0,0.0,17,16,4,1,low
CUST00567,Champions,3,8,4922.05,5,5,5,15,0.0,0.2825,5,0.0,0.0,9,0,0,0,low
CUST00574,Champions,5,7,5871.91,5,5,5,15,0.0,0.21857142857142858,3,0.0,0.0,14,0,0,1,low
CUST00617,Champions,14,10,5456.37,5,5,5,15,0.1,0.41,4,0.0,0.0,8,7,1,0,low
CUST00671,Champions,2,8,5453.93,5,5,5,15,0.0,0.3325,4,0.0,0.0,13,7,2,0,low
CUST00710,Champions,16,8,5514.42,5,5,5,15,0.0,0.28875,5,0.0,0.0,8,0,1,0,low
CUST00711,Champions,19,8,5430.3,5,5,5,15,0.125,0.41000000000000003,2,1.0,1.0,10,13,2,2,medium
CUST00800,Champions,12,10,9558.37,5,5,5,15,0.2,0.18,5,0.0,0.0,7,0,2,2,low
CUST00813,Champions,5,9,9628.83,5,5,5,15,0.0,0.18666666666666668,3,1.0,1.0,11,1,1,3,medium
CUST00817,Champions,9,14,11008.85,5,5,5,15,0.0,0.32642857142857146,5,0.0,0.0,13,0,1,2,low
CUST00838,Champions,9,6,4291.93,5,5,5,15,0.0,0.2866666666666667,3,1.0,1.0,11,12,1,1,medium
CUST00847,Champions,4,6,6336.01,5,5,5,15,0.0,0.355,4,0.0,0.0,12,4,1,5,low
CUST00849,Champions,6,7,4218.23,5,5,5,15,0.0,0.29571428571428576,5,0.0,0.0,9,14,1,2,low
CUST00881,Champions,4,8,9492.15,5,5,5,15,0.0,0.21375,4,0.0,0.0,6,9,0,0,low
CUST00896,Champions,10,9,7413.08,5,5,5,15,0.1111111111111111,0.23555555555555557,4,1.0,1.0,3,12,1,1,medium
CUST00976,Champions,5,7,5735.389999999999,5,5,5,15,0.14285714285714285,0.33,5,0.0,0.0,9,4,2,3,low
CUST00988,Champions,3,6,4188.58,5,5,5,15,0.0,0.18666666666666668,3,0.0,0.0,3,1,0,0,low
CUST01070,Champions,11,8,5227.41,5,5,5,15,0.0,0.26625,4,0.0,0.0,1,4,0,1,high
CUST01096,Champions,3,6,4814.21,5,5,5,15,0.16666666666666666,0.19666666666666666,4,0.0,0.0,10,11,4,2,low
CUST01099,Champions,14,10,6243.88,5,5,5,15,0.0,0.327,5,0.0,0.0,9,0,2,2,low
CUST01132,Champions,4,6,5419.860000000001,5,5,5,15,0.0,0.215,3,0.0,0.0,17,0,2,2,low
CUST01152,Champions,1,7,6158.0599999999995,5,5,5,15,0.0,0.21142857142857144,4,1.0,1.0,9,17,1,0,medium
CUST01236,Champions,6,10,5515.45,5,5,5,15,0.0,0.31799999999999995,4,0.0,0.0,8,0,1,0,low
CUST01268,Champions,19,7,6083.44,5,5,5,15,0.14285714285714285,0.19,3,1.0,1.0,5,2,1,2,medium
CUST01293,Champions,15,7,5039.13,5,5,5,15,0.0,0.2657142857142857,3,0.0,0.0,0,1,0,0,low
CUST01302,Champions,1,8,6399.610000000001,5,5,5,15,0.0,0.2425,3,0.0,0.0,8,0,1,2,low
CUST01313,Champions,4,6,7482.84,5,5,5,15,0.0,0.26666666666666666,4,0.0,0.0,6,0,0,0,low
CUST01331,Champions,14,6,5693.12,5,5,5,15,0.0,0.2833333333333333,5,1.0,0.0,10,0,1,1,medium
CUST01381,Champions,2,8,5555.42,5,5,5,15,0.0,0.24125000000000002,6,0.0,0.0,11,0,0,3,low
CUST01386,Champions,14,6,7173.83,5,5,5,15,0.16666666666666666,0.2316666666666667,3,1.0,1.0,5,0,1,0,medium
CUST01397,Champions,4,7,6176.97,5,5,5,15,0.0,0.18571428571428572,5,0.0,0.0,12,0,1,0,low
CUST01439,Champions,0,8,8418.470000000001,5,5,5,15,0.0,0.21,4,1.0,1.0,7,0,1,0,medium
CUST01440,Champions,6,6,7345.46,5,5,5,15,0.3333333333333333,0.25,2,1.0,1.0,3,1,0,0,medium
CUST01472,Champions,0,8,4686.9800000000005,5,5,5,15,0.0,0.3325,4,1.0,1.0,3,0,0,1,medium
CUST01630,Champions,19,8,7630.67,5,5,5,15,0.125,0.2625,3,1.0,1.0,6,10,2,1,medium
CUST01631,Champions,2,6,4758.7699999999995,5,5,5,15,0.0,0.24,4,1.0,0.0,14,0,4,1,medium
CUST01647,Champions,10,6,5675.4,5,5,5,15,0.0,0.21666666666666667,4,0.0,0.0,8,0,1,0,low
CUST01655,Champions,13,8,7066.74,5,5,5,15,0.0,0.11625,4,0.0,0.0,2,7,1,0,low
CUST01660,Champions,6,8,8061.9,5,5,5,15,0.0,0.27,4,0.0,0.0,10,0,2,3,low
CUST01723,Champions,16,6,7673.5,5,5,5,15,0.0,0.25166666666666665,3,1.0,1.0,4,7,0,0,medium
CUST01732,Champions,9,7,7979.33,5,5,5,15,0.0,0.27285714285714285,3,1.0,1.0,4,4,0,0,medium
CUST01820,Champions,6,9,6136.3099999999995,5,5,5,15,0.0,0.33444444444444443,4,0.0,0.0,7,16,1,0,low
CUST01940,Champions,8,7,6388.84,5,5,5,15,0.0,0.27,5,0.0,0.0,12,14,0,1,low
CUST01944,Champions,13,7,5245.9800000000005,5,5,5,15,0.0,0.20714285714285716,3,0.0,0.0,6,4,0,0,low
CUST01972,Champions,4,9,4551.23,5,5,5,15,0.1111111111111111,0.2744444444444445,4,0.0,0.0,15,0,0,0,low
CUST01980,Champions,1,8,7551.46,5,5,5,15,0.125,0.20375000000000001,4,0.0,0.0,10,3,0,2,low
CUST01998,Champions,6,7,8151.54,5,5,5,15,0.14285714285714285,0.09714285714285716,4,1.0,1.0,13,0,1,0,medium
CUST02024,Champions,1,10,6196.01,5,5,5,15,0.0,0.225,5,0.0,0.0,17,6,2,3,low
CUST02041,Champions,15,5,6809.49,5,5,5,15,0.2,0.182,4,1.0,1.0,7,14,1,1,medium
CUST02044,Champions,0,7,5404.4400000000005,5,5,5,15,0.0,0.21428571428571427,4,0.0,0.0,14,0,2,0,low
CUST02079,Champions,19,7,4373.8099999999995,5,5,5,15,0.2857142857142857,0.33571428571428574,4,1.0,1.0,1,6,0,0,medium
CUST02101,Champions,18,7,4502.69,5,5,5,15,0.0,0.4042857142857143,3,1.0,1.0,6,0,0,0,medium
CUST02317,Champions,1,7,6148.13,5,5,5,15,0.0,0.24,5,0.0,0.0,9,0,1,1,low
CUST02331,Champions,11,8,8892.78,5,5,5,15,0.125,0.27125,4,0.0,0.0,7,0,2,0,low
CUST00073,Champions,8,5,4077.07,5,4,5,14,0.0,0.154,3,0.0,0.0,7,0,0,1,low
CUST00143,Champions,32,6,7407.96,4,5,5,14,0.0,0.17333333333333334,4,0.0,0.0,5,9,1,1,low
CUST00161,Champions,20,4,4490.9,5,4,5,14,0.0,0.2625,3,0.0,0.0,7,0,2,1,low
CUST00184,Champions,14,5,5072.85,5,4,5,14,0.0,0.27199999999999996,3,0.0,0.0,6,6,0,0,low
CUST00188,Champions,29,7,5810.17,4,5,5,14,0.14285714285714285,0.3085714285714286,4,1.0,1.0,11,5,0,0,medium
CUST00198,Champions,37,9,7595.96,4,5,5,14,0.0,0.28444444444444444,4,0.0,0.0,1,6,1,1,medium
CUST00230,Champions,37,8,7503.74,4,5,5,14,0.0,0.2175,4,0.0,0.0,17,14,2,1,medium
CUST00255,Champions,22,6,4806.29,4,5,5,14,0.16666666666666666,0.19833333333333333,5,1.0,1.0,10,19,0,1,medium
CUST00258,Champions,42,10,6259.64,4,5,5,14,0.0,0.27199999999999996,4,0.0,0.0,7,7,2,0,medium
CUST00320,Champions,25,7,5001.34,4,5,5,14,0.0,0.32285714285714284,6,0.0,0.0,10,19,1,1,low
CUST00340,Champions,46,8,5565.53,4,5,5,14,0.125,0.17875,4,0.0,0.0,8,10,1,1,medium
CUST00345,Champions,3,5,5510.36,5,4,5,14,0.0,0.154,2,0.0,0.0,15,0,2,0,low
CUST00376,Champions,45,8,5532.45,4,5,5,14,0.0,0.2675,5,0.0,0.0,5,12,1,0,medium
CUST00408,Champions,40,7,4155.91,4,5,5,14,0.14285714285714285,0.23857142857142857,4,0.0,0.0,0,0,0,1,high
CUST00420,Champions,18,4,4050.29,5,4,5,14,0.0,0.185,3,0.0,0.0,14,0,1,0,low
CUST00433,Champions,36,6,4884.34,4,5,5,14,0.0,0.295,3,1.0,1.0,10,6,0,0,medium
CUST00466,Champions,25,10,5238.91,4,5,5,14,0.1,0.326,4,0.0,0.0,9,2,1,2,low
CUST00475,Champions,39,9,6914.04,4,5,5,14,0.0,0.20222222222222222,4,0.0,0.0,2,6,0,0,medium
CUST00506,Champions,38,9,8243.95,4,5,5,14,0.0,0.26,5,0.0,0.0,0,15,0,1,medium
CUST00513,Champions,27,8,5289.39,4,5,5,14,0.0,0.23125,4,1.0,0.0,6,8,2,0,medium
CUST00609,Champions,6,5,4581.16,5,4,5,14,0.0,0.40599999999999997,3,0.0,0.0,6,0,1,1,low
CUST00641,Champions,35,6,5481.38,4,5,5,14,0.0,0.3283333333333333,4,0.0,0.0,5,0,1,1,low
CUST00651,Champions,34,7,5105.77,4,5,5,14,0.0,0.36,4,0.0,0.0,6,5,0,2,low
CUST00665,Champions,35,9,6480.29,4,5,5,14,0.1111111111111111,0.1788888888888889,3,1.0,1.0,3,3,0,0,medium
CUST00690,Champions,4,5,5697.91,5,4,5,14,0.0,0.304,3,0.0,0.0,11,10,1,3,low
CUST00708,Champions,45,6,5342.67,4,5,5,14,0.0,0.3283333333333333,4,1.0,1.0,5,5,0,0,medium
CUST00716,Champions,6,6,2828.0600000000004,5,5,4,14,0.0,0.37000000000000005,4,1.0,1.0,14,0,1,2,medium
CUST00769,Champions,18,6,2815.44,5,5,4,14,0.0,0.29333333333333333,4,0.0,0.0,2,0,0,0,low
CUST00785,Champions,11,6,3144.23,5,5,4,14,0.0,0.33,4,0.0,0.0,5,15,1,0,low
CUST00846,Champions,41,9,7260.82,4,5,5,14,0.1111111111111111,0.18000000000000002,5,1.0,1.0,15,0,3,0,medium
CUST00873,Champions,3,4,4213.62,5,4,5,14,0.0,0.1975,3,0.0,0.0,2,13,0,0,low
CUST00885,Champions,31,8,6880.8099999999995,4,5,5,14,0.125,0.21625,4,0.0,0.0,10,21,1,1,low
CUST00904,Champions,41,7,5113.860000000001,4,5,5,14,0.2857142857142857,0.2757142857142857,6,0.0,0.0,7,2,3,2,medium
CUST00911,Champions,30,9,5240.42,4,5,5,14,0.1111111111111111,0.28111111111111114,6,0.0,0.0,2,21,1,0,low
CUST00934,Champions,44,10,6237.47,4,5,5,14,0.1,0.258,4,1.0,0.0,4,15,0,1,medium
CUST00947,Champions,41,9,8603.45,4,5,5,14,0.1111111111111111,0.16333333333333333,4,0.0,0.0,0,19,0,0,medium
CUST00952,Champions,42,8,4710.47,4,5,5,14,0.0,0.33625,5,0.0,0.0,16,13,4,4,medium
CUST00956,Champions,31,7,5800.25,4,5,5,14,0.0,0.3028571428571429,2,1.0,1.0,10,15,0,1,medium
CUST00987,Champions,7,5,5784.1,5,4,5,14,0.0,0.3,3,1.0,1.0,2,0,0,0,medium
CUST00991,Champions,41,11,11394.83,4,5,5,14,0.0,0.24181818181818182,6,0.0,0.0,9,16,1,1,medium
CUST00996,Champions,8,6,3267.7200000000003,5,5,4,14,0.0,0.17833333333333334,3,1.0,1.0,14,3,1,0,medium
CUST01030,Champions,32,11,8329.47,4,5,5,14,0.0,0.2381818181818182,6,0.0,0.0,10,0,0,2,low
CUST01035,Champions,5,7,3702.49,5,5,4,14,0.14285714285714285,0.4271428571428571,4,0.0,0.0,5,0,0,1,low
CUST01081,Champions,19,4,4027.1899999999996,5,4,5,14,0.25,0.24,3,0.0,0.0,0,19,0,1,low
CUST01117,Champions,42,8,5543.8,4,5,5,14,0.0,0.275,5,0.0,0.0,7,0,1,0,medium
CUST01146,Champions,23,6,5057.68,4,5,5,14,0.0,0.3383333333333334,4,0.0,0.0,12,6,2,0,low
CUST01167,Champions,23,8,5924.16,4,5,5,14,0.0,0.31375,6,0.0,0.0,3,0,1,0,low
CUST01172,Champions,27,9,7960.78,4,5,5,14,0.0,0.2811111111111111,4,0.0,0.0,4,6,0,0,low
CUST01185,Champions,23,6,5763.86,4,5,5,14,0.0,0.20833333333333334,4,0.0,0.0,1,17,0,2,low
CUST01209,Champions,14,6,2839.8,5,5,4,14,0.16666666666666666,0.3016666666666667,3,0.0,0.0,5,1,0,1,low
CUST01212,Champions,20,6,5551.95,4,5,5,14,0.3333333333333333,0.3933333333333333,4,0.0,0.0,0,0,0,1,low
CUST01242,Champions,29,9,10650.67,4,5,5,14,0.1111111111111111,0.2677777777777778,6,1.0,0.0,0,15,0,2,medium
CUST01263,Champions,32,9,6440.45,4,5,5,14,0.1111111111111111,0.28444444444444444,5,1.0,0.0,5,24,0,1,medium
CUST01274,Champions,25,7,5246.08,4,5,5,14,0.0,0.3657142857142857,3,0.0,0.0,15,0,4,0,low
CUST01280,Champions,35,8,8071.46,4,5,5,14,0.0,0.3025,5,0.0,0.0,5,0,0,0,low
CUST01283,Champions,40,10,6697.49,4,5,5,14,0.1,0.31999999999999995,5,1.0,1.0,7,0,1,0,medium
CUST01300,Champions,46,7,4203.76,4,5,5,14,0.0,0.33428571428571424,3,1.0,0.0,10,6,2,0,medium
CUST01312,Champions,14,5,4551.03,5,4,5,14,0.0,0.21600000000000003,4,0.0,0.0,5,0,2,0,low
CUST01314,Champions,1,5,4109.4400000000005,5,4,5,14,0.2,0.246,4,0.0,0.0,5,0,1,0,low
CUST01330,Champions,3,5,5048.89,5,4,5,14,0.0,0.22600000000000003,4,0.0,0.0,6,2,1,0,low
CUST01343,Champions,4,6,3668.71,5,5,4,14,0.0,0.18666666666666668,4,0.0,0.0,3,7,0,0,low
CUST01346,Champions,38,10,6605.54,4,5,5,14,0.0,0.363,5,0.0,0.0,5,17,1,1,medium
CUST01394,Champions,16,5,5665.21,5,4,5,14,0.0,0.372,3,0.0,0.0,15,6,2,1,low
CUST01395,Champions,32,6,6043.93,4,5,5,14,0.0,0.3466666666666667,4,0.0,0.0,4,9,1,0,low
CUST01399,Champions,19,7,4005.24,5,5,4,14,0.14285714285714285,0.35428571428571426,5,1.0,1.0,10,6,1,1,medium
CUST01434,Champions,5,6,2875.38,5,5,4,14,0.16666666666666666,0.45999999999999996,3,1.0,1.0,6,4,1,0,medium
CUST01443,Champions,20,6,5784.09,4,5,5,14,0.0,0.22666666666666666,2,0.0,0.0,1,9,0,0,low
CUST01483,Champions,7,8,3817.9,5,5,4,14,0.125,0.27999999999999997,4,0.0,0.0,5,7,1,0,low
CUST01512,Champions,43,7,6822.51,4,5,5,14,0.0,0.27714285714285714,4,1.0,0.0,3,11,0,0,medium
CUST01535,Champions,8,8,3627.45,5,5,4,14,0.25,0.34625,4,0.0,0.0,9,6,1,4,low
CUST01579,Champions,45,8,6050.82,4,5,5,14,0.0,0.2625,4,0.0,0.0,9,16,1,1,medium
CUST01581,Champions,22,11,8927.9,4,5,5,14,0.09090909090909091,0.24181818181818182,4,1.0,1.0,6,5,1,0,medium
CUST01584,Champions,0,5,10650.07,5,4,5,14,0.0,0.29000000000000004,4,0.0,0.0,6,0,0,0,low
CUST01620,Champions,4,6,3750.7,5,5,4,14,0.0,0.2966666666666667,4,0.0,0.0,7,2,0,1,low
CUST01621,Champions,26,6,4125.91,4,5,5,14,0.0,0.23666666666666666,3,1.0,1.0,10,3,0,3,medium
CUST01622,Champions,15,7,3807.67,5,5,4,14,0.0,0.25142857142857145,3,0.0,0.0,6,4,1,2,low
CUST01637,Champions,29,10,6494.71,4,5,5,14,0.0,0.29500000000000004,4,1.0,0.0,8,19,1,2,medium
CUST01642,Champions,4,5,4472.83,5,4,5,14,0.0,0.294,3,0.0,0.0,5,0,0,0,low
CUST01656,Champions,9,6,3506.88,5,5,4,14,0.16666666666666666,0.22666666666666666,2,0.0,0.0,16,2,3,4,low
CUST01677,Champions,17,6,3597.0699999999997,5,5,4,14,0.0,0.23333333333333336,3,0.0,0.0,3,6,0,0,low
CUST01706,Champions,6,6,3962.25,5,5,4,14,0.0,0.26,3,1.0,1.0,6,0,1,0,medium
CUST01713,Champions,41,7,5539.05,4,5,5,14,0.2857142857142857,0.17142857142857143,3,1.0,1.0,1,10,0,0,medium
CUST01741,Champions,29,7,6413.37,4,5,5,14,0.0,0.3071428571428571,4,0.0,0.0,2,0,0,0,low
CUST01808,Champions,17,6,3618.0299999999997,5,5,4,14,0.0,0.24666666666666667,5,0.0,0.0,5,2,0,0,low
CUST01809,Champions,45,7,7139.78,4,5,5,14,0.14285714285714285,0.2928571428571428,4,0.0,0.0,2,8,0,1,medium
CUST01833,Champions,27,7,4261.32,4,5,5,14,0.0,0.2357142857142857,4,0.0,0.0,1,7,0,3,low
CUST01848,Champions,1,5,5180.32,5,4,5,14,0.0,0.29,4,0.0,0.0,10,1,2,0,low
CUST01872,Champions,41,7,4856.42,4,5,5,14,0.0,0.3028571428571429,4,1.0,1.0,4,4,1,0,medium
CUST01897,Champions,28,6,4619.71,4,5,5,14,0.0,0.20166666666666666,3,0.0,0.0,7,0,1,0,low
CUST01903,Champions,20,8,5239.29,4,5,5,14,0.25,0.28,3,0.0,0.0,8,0,1,0,low
CUST01911,Champions,40,8,5924.11,4,5,5,14,0.0,0.18375,3,1.0,1.0,4,9,0,0,medium
CUST01982,Champions,36,7,4060.75,4,5,5,14,0.0,0.19714285714285715,4,1.0,1.0,5,11,0,0,medium
CUST01986,Champions,5,5,5637.98,5,4,5,14,0.4,0.302,3,0.0,0.0,17,1,4,1,low
CUST02002,Champions,27,6,5905.59,4,5,5,14,0.0,0.245,3,0.0,0.0,7,0,0,2,low
CUST02005,Champions,7,5,2573.5,5,5,4,14,0.0,0.194,2,0.0,0.0,6,0,1,2,low
CUST02025,Champions,44,5,4736.54,4,5,5,14,0.0,0.20600000000000002,3,0.0,0.0,3,1,0,1,medium
CUST02026,Champions,34,5,4265.33,4,5,5,14,0.0,0.292,3,0.0,0.0,2,3,0,1,low
CUST02030,Champions,7,5,2940.72,5,5,4,14,0.0,0.33399999999999996,4,0.0,0.0,18,0,1,2,low
CUST02036,Champions,38,8,5443.38,4,5,5,14,0.0,0.25875000000000004,5,0.0,0.0,6,5,1,0,medium
CUST02054,Champions,29,7,7547.42,4,5,5,14,0.14285714285714285,0.32857142857142857,4,0.0,0.0,9,5,0,0,low
CUST02072,Champions,35,11,7176.07,4,5,5,14,0.0,0.39272727272727276,6,0.0,0.0,4,1,1,0,low
CUST02100,Champions,23,8,4274.82,4,5,5,14,0.125,0.33875,5,0.0,0.0,13,17,1,0,low
CUST02102,Champions,17,6,3780.56,5,5,4,14,0.0,0.39999999999999997,3,0.0,0.0,19,10,1,1,low
CUST02120,Champions,41,8,4965.58,4,5,5,14,0.125,0.25375000000000003,3,0.0,0.0,1,1,0,0,medium
CUST02140,Champions,30,6,4288.45,4,5,5,14,0.16666666666666666,0.27,4,0.0,0.0,15,0,1,0,low
CUST02162,Champions,12,6,3338.24,5,5,4,14,0.0,0.305,3,0.0,0.0,12,0,1,4,low
CUST02172,Champions,17,6,3942.03,5,5,4,14,0.16666666666666666,0.30833333333333335,5,1.0,0.0,4,0,1,0,medium
CUST02202,Champions,2,6,3383.51,5,5,4,14,0.0,0.27666666666666667,2,0.0,0.0,2,0,0,1,low
CUST02207,Champions,29,9,6120.55,4,5,5,14,0.1111111111111111,0.30666666666666664,5,1.0,1.0,2,9,1,0,medium
CUST02211,Champions,5,5,3668.86,5,5,4,14,0.0,0.41200000000000003,4,0.0,0.0,6,0,1,2,low
CUST02305,Champions,40,7,5250.78,4,5,5,14,0.0,0.28285714285714286,6,0.0,0.0,12,1,1,0,medium
CUST02315,Champions,39,8,5134.64,4,5,5,14,0.0,0.2725,4,1.0,1.0,12,22,3,0,medium
CUST02332,Champions,17,4,4620.94,5,4,5,14,0.25,0.2375,4,0.0,0.0,4,16,0,0,low
CUST02340,Champions,28,7,6261.87,4,5,5,14,0.0,0.24714285714285714,5,1.0,1.0,8,1,1,0,medium
CUST02355,Champions,9,7,3620.0899999999997,5,5,4,14,0.0,0.3628571428571429,3,1.0,0.0,0,0,0,0,high
CUST02357,Champions,30,8,7592.09,4,5,5,14,0.0,0.195,4,1.0,1.0,5,0,0,1,medium
CUST02365,Champions,9,5,4018.01,5,5,4,14,0.0,0.33399999999999996,3,0.0,0.0,17,11,5,1,low
CUST02394,Champions,38,5,4632.17,4,5,5,14,0.0,0.182,5,0.0,0.0,5,5,1,4,medium
CUST00134,Champions,35,5,4075.34,4,4,5,13,0.2,0.292,3,0.0,0.0,11,4,1,0,low
CUST00140,Champions,6,4,3768.34,5,4,4,13,0.0,0.28250000000000003,3,1.0,1.0,14,12,3,0,medium
CUST00148,Champions,4,4,3013.01,5,4,4,13,0.0,0.23249999999999998,3,0.0,0.0,5,8,1,1,low
CUST00199,Champions,6,4,3273.56,5,4,4,13,0.0,0.22749999999999998,4,1.0,1.0,3,0,1,0,medium
CUST00237,Champions,15,4,3607.29,5,4,4,13,0.0,0.2525,2,0.0,0.0,8,0,1,1,low
CUST00267,Champions,29,4,4026.2300000000005,4,4,5,13,0.25,0.25,2,1.0,1.0,8,11,0,0,medium
CUST00306,Champions,19,5,3658.35,5,4,4,13,0.2,0.21000000000000002,2,1.0,0.0,2,0,0,2,medium
CUST00322,Champions,4,5,3351.86,5,4,4,13,0.0,0.384,2,0.0,0.0,5,2,0,0,low
CUST00380,Champions,39,6,3460.9,4,5,4,13,0.0,0.4033333333333333,4,0.0,0.0,8,0,2,0,medium
CUST00396,Champions,10,5,3031.7799999999997,5,4,4,13,0.0,0.21399999999999997,4,1.0,1.0,10,0,3,2,medium
CUST00398,Champions,8,4,2823.02,5,4,4,13,0.0,0.28500000000000003,3,1.0,1.0,11,0,1,0,medium
CUST00453,Champions,17,4,3032.93,5,4,4,13,0.0,0.28500000000000003,4,1.0,1.0,1,6,0,0,medium
CUST00454,Champions,13,4,2655.42,5,4,4,13,0.0,0.1525,2,2.0,0.0,17,0,1,1,medium
CUST00463,Champions,29,4,5048.68,4,4,5,13,0.0,0.2525,3,0.0,0.0,0,3,0,0,low
CUST00487,Champions,29,7,2642.71,4,5,4,13,0.14285714285714285,0.4828571428571428,3,1.0,0.0,2,14,1,0,medium
CUST00501,Champions,20,4,2834.75,5,4,4,13,0.0,0.1825,3,1.0,1.0,4,5,1,0,medium
CUST00511,Champions,5,4,2778.7,5,4,4,13,0.0,0.1775,4,1.0,1.0,18,5,1,0,medium
CUST00520,Champions,2,5,3130.28,5,4,4,13,0.0,0.29,4,0.0,0.0,2,0,0,2,low
CUST00521,Champions,42,7,3626.0699999999997,4,5,4,13,0.0,0.3157142857142857,4,1.0,1.0,5,8,1,3,medium
CUST00667,Champions,25,5,5036.26,4,4,5,13,0.2,0.264,4,0.0,0.0,7,9,1,0,low
CUST00688,Champions,13,5,3552.34,5,4,4,13,0.2,0.274,4,1.0,1.0,1,0,0,0,medium
CUST00696,Champions,40,5,4814.21,4,4,5,13,0.0,0.31,4,0.0,0.0,1,8,0,0,medium
CUST00714,Champions,40,6,2681.75,4,5,4,13,0.16666666666666666,0.385,3,1.0,1.0,2,0,0,1,medium
CUST00727,Champions,8,5,3822.01,5,4,4,13,0.2,0.32,3,0.0,0.0,10,7,1,2,low
CUST00743,Champions,1,5,2957.78,5,4,4,13,0.2,0.294,2,0.0,0.0,3,18,0,2,low
CUST00797,Champions,9,5,2975.27,5,4,4,13,0.0,0.264,2,0.0,0.0,7,9,1,1,low
CUST00824,Champions,4,4,2566.4900000000002,5,4,4,13,0.0,0.18,3,0.0,0.0,4,0,1,0,low
CUST00886,Champions,1,5,2647.05,5,4,4,13,0.2,0.316,4,0.0,0.0,3,12,1,0,low
CUST00905,Champions,30,5,5594.75,4,4,5,13,0.0,0.304,4,0.0,0.0,11,0,0,1,low
CUST00973,Champions,22,7,2980.9700000000003,4,5,4,13,0.0,0.27285714285714285,3,0.0,0.0,4,4,1,0,low
CUST01025,Champions,29,5,6092.71,4,4,5,13,0.2,0.182,5,1.0,1.0,20,6,2,5,medium
CUST01140,Champions,22,5,4021.81,4,4,5,13,0.0,0.292,4,1.0,0.0,3,6,0,0,medium
CUST01147,Champions,1,5,3143.68,5,4,4,13,0.2,0.374,3,0.0,0.0,12,3,3,0,low
CUST01157,Champions,0,5,3696.5,5,4,4,13,0.4,0.26,4,0.0,0.0,7,10,0,1,low
CUST01211,Champions,5,5,3668.5099999999998,5,4,4,13,0.2,0.394,4,2.0,0.0,8,2,1,1,medium
CUST01218,Champions,0,5,3872.15,5,4,4,13,0.0,0.276,3,0.0,0.0,6,2,1,0,low
CUST01332,Champions,17,4,3364.3,5,4,4,13,0.0,0.28,2,0.0,0.0,7,6,1,0,low
CUST01385,Champions,0,5,2613.37,5,4,4,13,0.2,0.372,4,1.0,1.0,10,4,4,4,medium
CUST01390,Champions,9,4,3249.7799999999997,5,4,4,13,0.0,0.1325,3,0.0,0.0,11,6,2,1,low
CUST01447,Champions,18,4,2901.61,5,4,4,13,0.0,0.235,3,0.0,0.0,13,16,1,0,low
CUST01478,Champions,40,5,5291.51,4,4,5,13,0.0,0.134,4,0.0,0.0,10,24,2,0,medium
CUST01488,Champions,33,6,2851.24,4,5,4,13,0.16666666666666666,0.33,5,1.0,1.0,14,3,1,2,medium
CUST01489,Champions,41,5,5689.93,4,4,5,13,0.0,0.248,4,1.0,1.0,9,0,0,0,medium
CUST01498,Champions,12,5,3640.46,5,4,4,13,0.0,0.166,3,1.0,1.0,14,0,1,0,medium
CUST01509,Champions,6,4,2604.54,5,4,4,13,0.25,0.3725,2,1.0,1.0,17,0,1,0,medium
CUST01523,Champions,15,4,3702.2799999999997,5,4,4,13,0.25,0.3275,3,1.0,0.0,1,0,0,1,medium
CUST01597,Champions,40,6,3297.58,4,5,4,13,0.16666666666666666,0.36833333333333335,4,1.0,0.0,4,17,0,0,medium
CUST01611,Champions,28,6,3039.58,4,5,4,13,0.0,0.3433333333333333,4,0.0,0.0,1,6,0,3,low
CUST01652,Champions,40,6,3702.64,4,5,4,13,0.3333333333333333,0.2683333333333333,2,1.0,1.0,2,13,0,0,medium
CUST01683,Champions,26,4,4532.08,4,4,5,13,0.0,0.29000000000000004,3,0.0,0.0,7,7,1,0,low
CUST01786,Champions,23,6,3745.53,4,5,4,13,0.16666666666666666,0.155,4,0.0,0.0,2,9,0,0,low
CUST01841,Champions,14,5,3198.59,5,4,4,13,0.0,0.23200000000000004,4,0.0,0.0,17,14,0,0,low
CUST01873,Champions,9,5,2655.24,5,4,4,13,0.0,0.31,3,0.0,0.0,5,0,0,1,low
CUST01881,Champions,8,5,3112.58,5,4,4,13,0.0,0.264,5,1.0,1.0,0,6,0,0,medium
CUST01883,Champions,5,4,2831.88,5,4,4,13,0.25,0.2625,3,1.0,1.0,2,0,0,0,medium
CUST01885,Champions,6,5,3303.2799999999997,5,4,4,13,0.0,0.434,3,0.0,0.0,9,3,2,2,low
CUST01888,Champions,27,6,3310.32,4,5,4,13,0.0,0.335,3,0.0,0.0,3,3,0,1,low
CUST01933,Champions,39,6,3230.78,4,5,4,13,0.0,0.20166666666666666,5,0.0,0.0,6,0,0,2,medium
CUST01955,Champions,25,7,2957.63,4,5,4,13,0.0,0.4014285714285714,5,1.0,1.0,11,2,1,4,medium
CUST01993,Champions,23,6,3224.71,4,5,4,13,0.0,0.335,4,1.0,1.0,0,7,0,0,medium
CUST02021,Champions,9,4,3437.71,5,4,4,13,0.25,0.2925,2,1.0,1.0,12,0,0,0,medium
CUST02078,Champions,29,8,3814.58,4,5,4,13,0.0,0.27375,4,0.0,0.0,3,12,1,2,low
CUST02109,Champions,21,5,3747.13,4,5,4,13,0.0,0.32199999999999995,4,0.0,0.0,7,7,1,3,low
CUST02167,Champions,43,5,3963.67,4,5,4,13,0.0,0.384,5,0.0,0.0,6,24,1,0,medium
CUST02175,Champions,31,5,3584.25,4,5,4,13,0.0,0.126,3,0.0,0.0,6,6,0,1,low
CUST02218,Champions,26,5,3903.06,4,5,4,13,0.2,0.258,3,0.0,0.0,2,0,0,2,low
CUST02237,Champions,38,6,3565.76,4,5,4,13,0.16666666666666666,0.26833333333333337,5,0.0,0.0,10,0,1,2,medium
CUST02269,Champions,7,4,3854.66,5,4,4,13,0.25,0.3375,3,1.0,0.0,8,25,1,0,medium
CUST02284,Champions,35,5,3144.28,4,5,4,13,0.2,0.248,3,1.0,1.0,11,6,1,2,medium
CUST02304,Champions,36,6,2964.84,4,5,4,13,0.0,0.315,4,0.0,0.0,6,14,0,2,medium
CUST02310,Champions,25,5,3787.63,4,5,4,13,0.0,0.236,3,1.0,1.0,8,1,0,2,medium
CUST02345,Champions,33,5,3378.75,4,5,4,13,0.0,0.22200000000000003,3,0.0,0.0,1,9,0,0,high
CUST02372,Champions,23,5,2903.5299999999997,4,5,4,13,0.0,0.242,4,0.0,0.0,15,9,1,0,low
CUST00204,Champions,42,5,2706.75,4,4,4,12,0.0,0.284,3,0.0,0.0,17,4,2,0,medium
CUST00205,Champions,30,5,3202.69,4,4,4,12,0.0,0.23399999999999999,4,0.0,0.0,13,0,3,0,low
CUST00271,Champions,32,4,3933.98,4,4,4,12,0.0,0.20750000000000002,2,0.0,0.0,1,0,0,0,low
CUST00354,Champions,36,5,2894.64,4,4,4,12,0.0,0.22199999999999998,3,0.0,0.0,4,16,0,1,medium
CUST00388,Champions,37,5,2574.36,4,4,4,12,0.0,0.328,3,0.0,0.0,6,0,0,3,medium
CUST00451,Champions,29,4,3636.0,4,4,4,12,0.25,0.1625,2,0.0,0.0,3,4,1,0,low
CUST00593,Champions,29,5,3602.31,4,4,4,12,0.0,0.262,3,1.0,1.0,9,19,1,0,medium
CUST00595,Champions,20,5,2849.27,4,4,4,12,0.0,0.304,4,0.0,0.0,9,6,2,0,low
CUST00610,Champions,22,5,3975.59,4,4,4,12,0.4,0.34199999999999997,3,1.0,1.0,10,7,3,0,medium
CUST00616,Champions,36,5,2628.3,4,4,4,12,0.0,0.27599999999999997,3,1.0,1.0,10,16,1,0,medium
CUST00704,Champions,22,4,3057.83,4,4,4,12,0.0,0.3275,3,0.0,0.0,12,0,3,0,low
CUST00764,Champions,23,4,3245.93,4,4,4,12,0.0,0.2475,4,0.0,0.0,8,1,1,0,low
CUST00784,Champions,45,5,3103.73,4,4,4,12,0.0,0.248,4,0.0,0.0,11,0,2,1,medium
CUST00863,Champions,25,4,2928.87,4,4,4,12,0.0,0.2275,3,0.0,0.0,6,4,1,0,low
CUST00916,Champions,20,5,4003.46,4,4,4,12,0.2,0.202,3,1.0,0.0,9,0,1,1,medium
CUST00924,Champions,44,4,3018.21,4,4,4,12,0.0,0.3525,3,0.0,0.0,1,17,0,1,high
CUST00935,Champions,28,5,3594.4,4,4,4,12,0.0,0.352,2,0.0,0.0,7,9,1,0,low
CUST00969,Champions,31,4,2654.59,4,4,4,12,0.0,0.3025,3,0.0,0.0,14,16,1,4,low
CUST01012,Champions,30,4,2561.7,4,4,4,12,0.25,0.1625,3,1.0,1.0,7,8,1,0,medium
CUST01108,Champions,40,4,2883.75,4,4,4,12,0.0,0.3275,3,0.0,0.0,2,0,0,0,medium
CUST01131,Champions,22,4,3713.8100000000004,4,4,4,12,0.0,0.27749999999999997,4,1.0,1.0,4,4,1,2,medium
CUST01166,Champions,41,4,3104.76,4,4,4,12,0.25,0.1875,2,1.0,1.0,2,0,0,0,medium
CUST01190,Champions,27,4,2968.92,4,4,4,12,0.0,0.3275,3,0.0,0.0,3,0,0,0,low
CUST01226,Champions,37,4,2967.87,4,4,4,12,0.5,0.3025,4,1.0,1.0,6,14,1,0,medium
CUST01227,Champions,43,5,2824.19,4,4,4,12,0.2,0.284,3,1.0,1.0,8,6,1,0,medium
CUST01244,Champions,34,5,3977.53,4,4,4,12,0.0,0.16999999999999998,4,1.0,1.0,7,4,1,0,medium
CUST01252,Champions,38,4,2575.58,4,4,4,12,0.0,0.365,4,0.0,0.0,1,18,0,0,medium
CUST01257,Champions,27,5,3430.98,4,4,4,12,0.2,0.316,3,1.0,1.0,4,4,0,0,medium
CUST01311,Champions,43,5,3799.01,4,4,4,12,0.0,0.33199999999999996,3,0.0,0.0,1,19,0,0,medium
CUST01380,Champions,44,5,2855.06,4,4,4,12,0.0,0.316,4,0.0,0.0,1,11,0,1,medium
CUST01409,Champions,26,5,3035.77,4,4,4,12,0.2,0.388,2,0.0,0.0,1,0,0,0,low
CUST01414,Champions,30,4,2862.6,4,4,4,12,0.0,0.225,3,1.0,1.0,10,17,2,1,medium
CUST01497,Champions,35,5,3393.85,4,4,4,12,0.2,0.374,4,1.0,1.0,9,14,0,0,medium
CUST01594,Champions,43,4,2625.18,4,4,4,12,0.0,0.24,2,0.0,0.0,2,0,0,0,medium
CUST01635,Champions,42,5,3802.4,4,4,4,12,0.2,0.21600000000000003,5,1.0,1.0,10,5,1,2,medium
CUST01638,Champions,31,5,3624.0,4,4,4,12,0.0,0.35,4,0.0,0.0,9,22,0,1,low
CUST01672,Champions,29,5,2937.06,4,4,4,12,0.0,0.266,5,0.0,0.0,7,0,1,0,low
CUST01679,Champions,29,4,2798.27,4,4,4,12,0.0,0.27,3,0.0,0.0,7,16,0,2,low
CUST01738,Champions,39,4,2851.85,4,4,4,12,0.0,0.3225,3,0.0,0.0,7,6,1,3,medium
CUST01783,Champions,21,4,2577.89,4,4,4,12,0.0,0.2225,4,0.0,0.0,1,0,0,0,low
CUST01812,Champions,25,4,2569.42,4,4,4,12,0.0,0.2175,3,0.0,0.0,16,0,2,0,low
CUST01813,Champions,22,5,3758.42,4,4,4,12,0.2,0.368,5,1.0,1.0,5,0,0,3,medium
CUST01821,Champions,41,5,3708.96,4,4,4,12,0.0,0.148,5,0.0,0.0,2,25,0,0,medium
CUST01823,Champions,32,4,3657.11,4,4,4,12,0.0,0.22,2,0.0,0.0,6,0,2,0,low
CUST01907,Champions,32,5,3168.6099999999997,4,4,4,12,0.0,0.21200000000000002,2,0.0,0.0,3,24,1,1,low
CUST01939,Champions,34,4,3249.84,4,4,4,12,0.0,0.1975,2,0.0,0.0,13,15,3,0,low
CUST02009,Champions,31,4,3434.0099999999998,4,4,4,12,0.25,0.35,4,1.0,1.0,1,0,0,0,medium
CUST02133,Champions,33,4,3704.23,4,4,4,12,0.0,0.17500000000000002,3,0.0,0.0,11,8,0,1,low
CUST02322,Champions,38,4,3153.22,4,4,4,12,0.0,0.29,3,0.0,0.0,6,0,1,2,medium
CUST02359,Champions,28,4,2631.74,4,4,4,12,0.0,0.24250000000000002,3,0.0,0.0,17,2,3,0,low
CUST02371,Champions,44,4,2578.0099999999998,4,4,4,12,0.0,0.3175,4,1.0,1.0,4,12,0,0,medium
CUST00247,Discount Sensitive,57,11,5611.35,3,5,5,13,0.0,0.41363636363636364,4,0.0,0.0,5,14,1,2,medium
CUST01429,Discount Sensitive,53,6,4315.58,3,5,5,13,0.16666666666666666,0.38166666666666665,3,0.0,0.0,4,3,1,2,medium
CUST00053,Discount Sensitive,25,4,4192.59,4,3,5,12,0.0,0.395,3,1.0,1.0,9,5,1,1,medium
CUST00074,Discount Sensitive,7,4,2523.65,5,4,3,12,0.25,0.39,4,1.0,1.0,14,22,1,1,medium
CUST00241,Discount Sensitive,6,3,3041.48,5,3,4,12,0.0,0.38999999999999996,3,0.0,0.0,12,0,1,1,low
CUST00309,Discount Sensitive,8,3,2731.6099999999997,5,3,4,12,0.0,0.3666666666666667,3,0.0,0.0,13,12,1,1,low
CUST00342,Discount Sensitive,1,3,2620.58,5,3,4,12,0.0,0.4166666666666667,2,1.0,1.0,9,4,0,0,medium
CUST00644,Discount Sensitive,78,7,3822.27,3,5,4,12,0.0,0.37285714285714283,4,0.0,0.0,0,25,0,3,high
CUST00652,Discount Sensitive,75,4,4491.29,3,4,5,12,0.0,0.34249999999999997,3,0.0,0.0,13,13,1,2,medium
CUST00994,Discount Sensitive,52,5,4659.69,3,4,5,12,0.0,0.366,3,0.0,0.0,8,5,2,1,medium
CUST01149,Discount Sensitive,72,6,3722.95,3,5,4,12,0.0,0.41500000000000004,4,0.0,0.0,0,20,0,0,medium
CUST01309,Discount Sensitive,73,6,3102.24,3,5,4,12,0.0,0.4083333333333334,3,0.0,0.0,2,5,0,0,medium
CUST01793,Discount Sensitive,48,4,5185.16,3,4,5,12,0.0,0.355,3,1.0,0.0,3,15,0,1,medium
CUST02373,Discount Sensitive,7,3,2811.29,5,3,4,12,0.0,0.35666666666666663,2,1.0,1.0,2,0,0,0,medium
CUST00033,Discount Sensitive,12,4,2128.09,5,3,3,11,0.5,0.405,4,1.0,1.0,7,7,1,0,medium
CUST00061,Discount Sensitive,14,4,1966.0900000000001,5,3,3,11,0.0,0.41,4,1.0,1.0,4,15,1,1,medium
CUST00194,Discount Sensitive,80,5,3878.09,3,4,4,11,0.4,0.36,3,1.0,1.0,13,3,1,3,high
CUST00268,Discount Sensitive,9,3,2097.02,5,3,3,11,0.0,0.4166666666666667,3,1.0,1.0,6,8,1,1,medium
CUST00469,Discount Sensitive,19,3,1886.95,5,3,3,11,0.0,0.4533333333333333,1,0.0,0.0,8,5,0,0,low
CUST00477,Discount Sensitive,60,4,3034.67,3,4,4,11,0.0,0.48,3,0.0,0.0,2,11,0,1,medium
CUST00482,Discount Sensitive,32,4,2177.14,4,4,3,11,0.0,0.35,3,0.0,0.0,15,19,1,1,low
CUST00642,Discount Sensitive,18,3,1654.45,5,3,3,11,0.0,0.4066666666666667,2,0.0,0.0,4,12,0,0,low
CUST00757,Discount Sensitive,8,3,1807.24,5,3,3,11,0.0,0.38000000000000006,2,0.0,0.0,4,0,1,1,low
CUST00830,Discount Sensitive,19,3,1613.9499999999998,5,3,3,11,0.0,0.38999999999999996,3,0.0,0.0,11,6,1,1,low
CUST00953,Discount Sensitive,9,3,1925.94,5,3,3,11,0.3333333333333333,0.38999999999999996,3,0.0,0.0,5,0,1,2,low
CUST01061,Discount Sensitive,2,3,1789.86,5,3,3,11,0.0,0.43,3,0.0,0.0,11,0,3,1,low
CUST01112,Discount Sensitive,57,4,2800.7700000000004,3,4,4,11,0.0,0.3425,3,1.0,0.0,5,7,1,1,medium
CUST01477,Discount Sensitive,55,5,3440.74,3,4,4,11,0.0,0.346,2,0.0,0.0,3,13,0,2,medium
CUST01479,Discount Sensitive,42,4,1777.74,4,4,3,11,0.0,0.4275,2,0.0,0.0,0,9,0,1,medium
CUST01610,Discount Sensitive,69,4,2593.45,3,4,4,11,0.25,0.34750000000000003,2,0.0,0.0,4,12,1,2,medium
CUST01689,Discount Sensitive,62,4,2918.12,3,4,4,11,0.25,0.4475,2,0.0,0.0,6,7,2,1,medium
CUST01690,Discount Sensitive,70,4,3930.82,3,4,4,11,0.5,0.4225,3,1.0,0.0,2,10,0,0,medium
CUST01788,Discount Sensitive,54,5,3455.7,3,4,4,11,0.2,0.384,2,1.0,1.0,4,0,1,0,medium
CUST02057,Discount Sensitive,3,2,1878.1,5,3,3,11,0.0,0.365,2,0.0,0.0,10,0,0,0,low
CUST02077,Discount Sensitive,78,5,2528.43,3,5,3,11,0.0,0.346,3,0.0,0.0,3,27,0,0,high
CUST02159,Discount Sensitive,9,3,1632.0,5,3,3,11,0.0,0.4666666666666666,2,0.0,0.0,19,10,2,0,low
CUST02178,Discount Sensitive,36,4,2493.7200000000003,4,4,3,11,0.25,0.41000000000000003,3,1.0,1.0,9,11,1,1,medium
CUST02227,Discount Sensitive,28,4,2320.84,4,4,3,11,0.0,0.41250000000000003,3,1.0,1.0,4,14,0,0,medium
CUST02261,Discount Sensitive,55,4,3277.19,3,4,4,11,0.0,0.41750000000000004,3,0.0,0.0,4,17,1,1,medium
CUST00005,Discount Sensitive,38,4,2550.91,4,3,3,10,0.0,0.4425,2,0.0,0.0,18,9,1,1,medium
CUST00044,Discount Sensitive,72,3,2724.09,3,3,4,10,0.0,0.38666666666666666,2,0.0,0.0,6,10,1,2,medium
CUST00125,Discount Sensitive,8,2,1698.4,5,2,3,10,0.0,0.395,2,0.0,0.0,0,0,0,1,low
CUST00260,Discount Sensitive,2,2,1820.81,5,2,3,10,0.0,0.395,1,0.0,0.0,7,7,0,0,low
CUST00307,Discount Sensitive,32,3,2114.17,4,3,3,10,0.3333333333333333,0.42333333333333334,3,1.0,1.0,0,13,0,0,high
CUST00337,Discount Sensitive,7,2,1887.73,5,2,3,10,0.0,0.385,2,1.0,0.0,2,9,1,0,medium
CUST00413,Discount Sensitive,26,3,1644.89,4,3,3,10,0.3333333333333333,0.45999999999999996,3,1.0,1.0,16,0,2,0,medium
CUST00554,Discount Sensitive,7,3,1402.26,5,3,2,10,0.0,0.38999999999999996,2,0.0,0.0,10,8,2,0,low
CUST00627,Discount Sensitive,75,3,2765.27,3,3,4,10,0.0,0.3566666666666667,3,0.0,0.0,6,17,0,1,medium
CUST00691,Discount Sensitive,61,3,2927.57,3,3,4,10,0.0,0.42333333333333334,2,0.0,0.0,14,18,4,3,medium
CUST00699,Discount Sensitive,47,4,2191.5099999999998,3,4,3,10,0.0,0.3825,4,0.0,0.0,15,20,0,0,medium
CUST00914,Discount Sensitive,36,3,1633.9099999999999,4,3,3,10,0.0,0.4266666666666667,2,0.0,0.0,13,8,0,0,medium
CUST00930,Discount Sensitive,59,4,2336.4900000000002,3,4,3,10,0.25,0.355,3,1.0,1.0,9,8,1,0,medium
CUST01619,Discount Sensitive,2,3,1148.84,5,3,2,10,0.0,0.36000000000000004,3,0.0,0.0,8,5,1,1,low
CUST01720,Discount Sensitive,13,3,1236.77,5,3,2,10,0.0,0.4633333333333334,3,1.0,1.0,9,3,1,4,medium
CUST01794,Discount Sensitive,26,2,1843.9,4,3,3,10,0.0,0.44,2,0.0,0.0,8,0,1,1,low
CUST01839,Discount Sensitive,0,3,1378.5,5,3,2,10,0.0,0.3766666666666667,3,0.0,0.0,15,0,3,3,low
CUST02042,Discount Sensitive,68,4,2102.49,3,4,3,10,0.0,0.35,3,1.0,1.0,6,0,1,1,medium
CUST02050,Discount Sensitive,15,2,985.3000000000001,5,3,2,10,0.0,0.425,1,1.0,0.0,4,0,1,2,medium
CUST02338,Discount Sensitive,31,2,1594.4499999999998,4,3,3,10,0.0,0.375,1,1.0,1.0,16,0,5,2,medium
CUST02362,Discount Sensitive,20,2,2072.46,4,3,3,10,0.0,0.36,2,0.0,0.0,4,12,0,1,low
CUST02377,Discount Sensitive,32,2,1996.9699999999998,4,3,3,10,0.0,0.445,1,0.0,0.0,9,17,0,3,low
CUST00038,Discount Sensitive,51,4,2104.61,3,3,3,9,0.0,0.355,4,1.0,0.0,5,14,0,0,medium
CUST00041,Discount Sensitive,54,4,1911.8600000000001,3,3,3,9,0.0,0.3475,3,0.0,0.0,5,22,0,2,medium
CUST00150,Discount Sensitive,45,3,1355.63,4,3,2,9,0.0,0.39666666666666667,3,0.0,0.0,6,7,0,2,medium
CUST00221,Discount Sensitive,7,2,781.03,5,2,2,9,0.0,0.345,2,0.0,0.0,16,2,0,2,low
CUST00289,Discount Sensitive,5,2,811.06,5,2,2,9,0.0,0.36,2,0.0,0.0,5,0,0,0,low
CUST00692,Discount Sensitive,58,3,1850.73,3,3,3,9,0.0,0.37333333333333335,1,0.0,0.0,0,16,0,1,high
CUST00715,Discount Sensitive,25,3,954.63,4,3,2,9,0.0,0.5166666666666666,3,0.0,0.0,4,14,0,0,low
CUST00749,Discount Sensitive,11,2,1514.65,5,2,2,9,0.0,0.475,2,0.0,0.0,13,11,1,3,low
CUST00750,Discount Sensitive,49,3,2474.98,3,3,3,9,0.0,0.36333333333333334,2,0.0,0.0,8,4,1,1,medium
CUST00837,Discount Sensitive,15,2,1476.76,5,2,2,9,0.0,0.345,2,0.0,0.0,7,8,0,1,low
CUST00876,Discount Sensitive,36,3,1392.13,4,3,2,9,0.0,0.4166666666666667,3,1.0,1.0,6,13,1,1,medium
CUST00895,Discount Sensitive,54,4,1415.7,3,4,2,9,0.0,0.3725,3,1.0,1.0,14,21,1,1,medium
CUST01021,Discount Sensitive,15,2,1013.42,5,2,2,9,0.5,0.36,1,1.0,1.0,6,0,1,2,medium
CUST01065,Discount Sensitive,3,2,1035.32,5,2,2,9,0.0,0.375,2,0.0,0.0,4,3,1,0,low
CUST01265,Discount Sensitive,15,2,1398.17,5,2,2,9,0.0,0.42000000000000004,2,0.0,0.0,12,10,1,0,low
CUST01296,Discount Sensitive,16,2,1024.56,5,2,2,9,0.0,0.355,2,0.0,0.0,2,15,0,0,low
CUST01451,Discount Sensitive,34,2,2411.76,4,2,3,9,0.0,0.43,2,1.0,1.0,13,7,1,0,medium
CUST01602,Discount Sensitive,22,3,1334.5700000000002,4,3,2,9,0.0,0.40666666666666673,3,0.0,0.0,8,7,3,1,low
CUST01664,Discount Sensitive,75,3,2080.54,3,3,3,9,0.0,0.37000000000000005,2,0.0,0.0,20,4,3,1,medium
CUST01899,Discount Sensitive,53,2,1576.16,3,3,3,9,0.0,0.435,1,1.0,1.0,2,7,1,0,medium
CUST02071,Discount Sensitive,17,1,887.16,5,2,2,9,0.0,0.5,1,0.0,0.0,12,0,1,0,low
CUST02091,Discount Sensitive,19,1,872.98,5,2,2,9,0.0,0.43,1,0.0,0.0,10,4,1,1,low
CUST02124,Discount Sensitive,40,2,995.22,4,3,2,9,0.0,0.435,2,0.0,0.0,15,6,1,4,medium
CUST02183,Discount Sensitive,51,2,2206.5,3,3,3,9,0.0,0.36,2,0.0,0.0,2,0,0,1,medium
CUST02249,Discount Sensitive,75,3,1584.17,3,3,3,9,0.0,0.36000000000000004,2,1.0,1.0,10,28,1,0,medium
CUST02295,Discount Sensitive,24,2,958.6199999999999,4,3,2,9,0.0,0.35,2,1.0,0.0,3,0,0,0,medium
CUST02360,Discount Sensitive,39,2,830.9399999999999,4,3,2,9,0.0,0.365,2,0.0,0.0,5,12,1,1,medium
CUST02381,Discount Sensitive,4,1,798.67,5,2,2,9,0.0,0.4,1,1.0,0.0,8,8,0,0,medium
CUST02388,Discount Sensitive,49,1,2614.56,3,2,4,9,0.0,0.35,1,0.0,0.0,5,9,0,0,medium
CUST00171,Discount Sensitive,12,1,1077.78,5,1,2,8,0.0,0.38,1,0.0,0.0,9,3,0,0,low
CUST00302,Discount Sensitive,148,4,2534.0,1,4,3,8,0.25,0.3975,3,0.0,0.0,4,27,1,2,high
CUST00390,Discount Sensitive,54,2,1639.4299999999998,3,2,3,8,0.0,0.35,2,1.0,1.0,4,5,1,1,medium
CUST00427,Discount Sensitive,1,2,331.53,5,2,1,8,0.5,0.41500000000000004,2,1.0,1.0,4,6,1,0,medium
CUST00445,Discount Sensitive,26,1,1594.8,4,1,3,8,0.0,0.43,1,0.0,0.0,4,5,1,1,low
CUST00478,Discount Sensitive,31,2,862.04,4,2,2,8,0.0,0.395,2,0.0,0.0,8,0,2,1,low
CUST00591,Discount Sensitive,69,2,1767.15,3,2,3,8,0.0,0.36,2,0.0,0.0,2,11,0,4,medium
CUST00628,Discount Sensitive,59,3,1099.5900000000001,3,3,2,8,0.0,0.4566666666666666,3,1.0,1.0,9,15,1,1,medium
CUST00659,Discount Sensitive,16,1,883.27,5,1,2,8,0.0,0.37,1,0.0,0.0,21,0,4,4,low
CUST00685,Discount Sensitive,2,1,1158.09,5,1,2,8,0.0,0.44,1,0.0,0.0,3,0,1,1,low
CUST00793,Discount Sensitive,113,3,2463.2,2,3,3,8,0.0,0.39666666666666667,3,0.0,0.0,1,4,0,1,high
CUST00888,Discount Sensitive,108,3,2556.74,2,3,3,8,0.0,0.3666666666666667,3,0.0,0.0,0,23,0,1,high
CUST01205,Discount Sensitive,262,4,1861.62,1,4,3,8,0.0,0.4175,3,0.0,0.0,1,38,0,0,high
CUST01287,Discount Sensitive,89,3,1584.08,2,3,3,8,0.0,0.36999999999999994,3,0.0,0.0,3,14,1,0,high
CUST01444,Discount Sensitive,32,2,1096.85,4,2,2,8,0.0,0.375,2,0.0,0.0,2,3,1,1,low
CUST01494,Discount Sensitive,265,4,1888.54,1,4,3,8,0.0,0.3825,3,0.0,0.0,1,56,0,1,high
CUST01609,Discount Sensitive,69,3,1380.23,3,3,2,8,0.0,0.4066666666666667,3,1.0,0.0,4,4,0,0,medium
CUST01701,Discount Sensitive,14,1,388.29,5,2,1,8,0.0,0.34,1,0.0,0.0,3,16,1,1,low
CUST01710,Discount Sensitive,58,3,1236.27,3,3,2,8,0.0,0.41,2,1.0,1.0,10,0,1,1,medium
CUST01759,Discount Sensitive,89,2,1973.57,2,3,3,8,0.0,0.38,2,0.0,0.0,3,21,1,0,high
CUST01825,Discount Sensitive,16,1,561.93,5,2,1,8,0.0,0.35,1,1.0,0.0,14,0,2,1,medium
CUST01834,Discount Sensitive,2,1,715.74,5,2,1,8,0.0,0.39,1,0.0,0.0,5,0,1,2,low
CUST01925,Discount Sensitive,12,1,448.97,5,2,1,8,0.0,0.34,1,0.0,0.0,12,0,2,2,low
CUST02018,Discount Sensitive,46,1,873.21,4,2,2,8,0.0,0.36,1,1.0,1.0,17,13,0,1,medium
CUST02043,Discount Sensitive,10,1,429.28,5,2,1,8,0.0,0.42,1,0.0,0.0,6,8,1,1,low
CUST02074,Discount Sensitive,36,1,1003.93,4,2,2,8,0.0,0.46,1,0.0,0.0,7,0,1,1,medium
CUST02099,Discount Sensitive,107,3,2275.89,2,3,3,8,0.0,0.36000000000000004,3,0.0,0.0,2,25,0,1,high
CUST02132,Discount Sensitive,0,1,585.94,5,2,1,8,0.0,0.53,1,0.0,0.0,1,5,0,0,high
CUST02182,Discount Sensitive,71,2,1385.9899999999998,3,3,2,8,0.0,0.35000000000000003,2,1.0,1.0,5,7,0,0,medium
CUST02203,Discount Sensitive,52,3,1505.22,3,3,2,8,0.0,0.35333333333333333,3,0.0,0.0,3,2,0,2,medium
CUST02216,Discount Sensitive,90,3,2218.09,2,3,3,8,0.3333333333333333,0.3466666666666667,2,1.0,1.0,4,16,1,1,high
CUST02274,Discount Sensitive,70,2,897.32,3,3,2,8,0.0,0.35,2,1.0,0.0,7,7,2,1,medium
CUST02314,Discount Sensitive,0,1,443.94,5,2,1,8,0.0,0.35,1,0.0,0.0,16,0,0,1,low
CUST02319,Discount Sensitive,36,1,1156.63,4,2,2,8,0.0,0.4,1,0.0,0.0,6,21,0,1,medium
CUST02354,Discount Sensitive,19,1,666.97,5,2,1,8,0.0,0.35,1,0.0,0.0,0,0,0,0,high
CUST02392,Discount Sensitive,96,3,1858.71,2,3,3,8,0.0,0.36000000000000004,2,0.0,0.0,2,20,0,1,high
CUST00010,Discount Sensitive,9,1,636.8,5,1,1,7,0.0,0.45,1,0.0,0.0,13,5,2,0,low
CUST00021,Discount Sensitive,77,2,1059.3,3,2,2,7,0.0,0.435,2,1.0,1.0,3,18,0,0,high
CUST00024,Discount Sensitive,4,1,481.35,5,1,1,7,0.0,0.34,1,0.0,0.0,13,0,2,0,low
CUST00049,Discount Sensitive,8,1,380.83,5,1,1,7,0.0,0.47,1,0.0,0.0,4,0,1,1,low
CUST00122,Discount Sensitive,106,2,2048.93,2,2,3,7,0.0,0.36,2,0.0,0.0,10,30,1,4,high
CUST00126,Discount Sensitive,57,2,1260.02,3,2,2,7,0.0,0.43,1,0.0,0.0,5,3,1,0,medium
CUST00207,Discount Sensitive,18,1,193.1,5,1,1,7,0.0,0.62,1,0.0,0.0,11,7,2,2,low
CUST00245,Discount Sensitive,73,2,1245.78,3,2,2,7,0.0,0.36,2,0.0,0.0,6,16,1,4,medium
CUST00249,Discount Sensitive,162,3,1761.46,1,3,3,7,0.0,0.4066666666666667,2,0.0,0.0,5,31,1,1,high
CUST00335,Discount Sensitive,148,3,2480.1,1,3,3,7,0.0,0.38999999999999996,2,0.0,0.0,7,22,0,1,high
CUST00402,Discount Sensitive,132,3,1410.06,2,3,2,7,0.0,0.36000000000000004,3,0.0,0.0,1,27,0,1,high
CUST00405,Discount Sensitive,2,1,282.03,5,1,1,7,1.0,0.5,1,1.0,1.0,4,5,0,0,medium
CUST00509,Discount Sensitive,21,1,954.21,4,1,2,7,0.0,0.36,1,0.0,0.0,9,4,0,1,low
CUST00528,Discount Sensitive,14,1,556.1,5,1,1,7,0.0,0.45,1,0.0,0.0,12,9,1,0,low
CUST00531,Discount Sensitive,43,2,648.41,4,2,1,7,0.0,0.48,2,1.0,1.0,1,19,0,0,medium
CUST00533,Discount Sensitive,4,1,149.0,5,1,1,7,0.0,0.56,1,1.0,1.0,9,0,1,0,medium
CUST00545,Discount Sensitive,1,1,603.57,5,1,1,7,0.0,0.35,1,1.0,1.0,9,0,2,2,medium
CUST00587,Discount Sensitive,18,1,275.79,5,1,1,7,0.0,0.52,1,0.0,0.0,10,7,1,0,low
CUST00676,Discount Sensitive,6,1,714.17,5,1,1,7,0.0,0.4,1,1.0,1.0,9,0,1,2,medium
CUST00742,Discount Sensitive,49,2,1288.91,3,2,2,7,0.0,0.365,2,0.0,0.0,5,8,1,0,medium
CUST00779,Discount Sensitive,6,1,416.15,5,1,1,7,0.0,0.49,1,0.0,0.0,3,0,0,1,low
CUST00843,Discount Sensitive,45,1,803.69,4,1,2,7,1.0,0.4,1,1.0,1.0,1,3,0,2,high
CUST00865,Discount Sensitive,50,2,1503.1100000000001,3,2,2,7,0.0,0.38,2,1.0,1.0,10,15,1,2,medium
CUST00868,Discount Sensitive,20,1,832.57,4,1,2,7,0.0,0.4,1,0.0,0.0,14,0,1,1,low
CUST00892,Discount Sensitive,9,1,360.98,5,1,1,7,0.0,0.48,1,0.0,0.0,5,5,1,1,low
CUST00893,Discount Sensitive,99,2,2269.27,2,2,3,7,0.0,0.34,1,0.0,0.0,5,37,0,0,high
CUST00913,Discount Sensitive,183,3,1818.9,1,3,3,7,0.0,0.37333333333333335,3,0.0,0.0,1,38,0,1,high
CUST00931,Discount Sensitive,30,1,1030.44,4,1,2,7,0.0,0.36,1,0.0,0.0,11,9,1,0,low
CUST00942,Discount Sensitive,7,1,407.18,5,1,1,7,1.0,0.35,1,1.0,1.0,4,5,1,1,medium
CUST00954,Discount Sensitive,25,2,769.86,4,2,1,7,0.0,0.475,2,0.0,0.0,12,5,2,2,low
CUST00970,Discount Sensitive,188,3,1607.64,1,3,3,7,0.0,0.41,2,0.0,0.0,6,15,1,3,high
CUST01018,Discount Sensitive,4,1,403.76,5,1,1,7,0.0,0.36,1,1.0,0.0,10,7,0,1,medium
CUST01029,Discount Sensitive,110,3,1246.4,2,3,2,7,0.0,0.36999999999999994,3,0.0,0.0,3,12,0,0,high
CUST01032,Discount Sensitive,11,1,624.38,5,1,1,7,0.0,0.41,1,0.0,0.0,5,6,0,2,low
CUST01080,Discount Sensitive,117,3,1250.62,2,3,2,7,0.3333333333333333,0.37000000000000005,2,0.0,0.0,0,16,0,1,high
CUST01082,Discount Sensitive,35,1,1181.66,4,1,2,7,0.0,0.34,1,0.0,0.0,4,0,0,0,low
CUST01088,Discount Sensitive,0,1,361.44,5,1,1,7,0.0,0.42,1,0.0,0.0,8,0,1,1,low
CUST01137,Discount Sensitive,115,3,1483.05,2,3,2,7,0.3333333333333333,0.4466666666666667,2,0.0,0.0,9,19,1,0,high
CUST01143,Discount Sensitive,0,1,438.47,5,1,1,7,0.0,0.4,1,0.0,0.0,1,10,0,0,high
CUST01164,Discount Sensitive,37,1,965.68,4,1,2,7,0.0,0.52,1,0.0,0.0,15,7,1,0,medium
CUST01237,Discount Sensitive,103,3,1474.19,2,3,2,7,0.0,0.34,3,0.0,0.0,1,10,0,0,high
CUST01240,Discount Sensitive,19,1,434.11,5,1,1,7,0.0,0.34,1,0.0,0.0,10,14,1,2,low
CUST01294,Discount Sensitive,3,1,750.26,5,1,1,7,0.0,0.45,1,0.0,0.0,9,0,1,0,low
CUST01377,Discount Sensitive,9,1,387.27,5,1,1,7,0.0,0.39,1,1.0,1.0,10,0,0,0,medium
CUST01540,Discount Sensitive,195,3,2546.85,1,3,3,7,0.3333333333333333,0.36333333333333334,1,0.0,0.0,4,29,0,1,high
CUST01542,Discount Sensitive,4,1,382.91,5,1,1,7,0.0,0.58,1,0.0,0.0,15,0,2,0,low
CUST01636,Discount Sensitive,16,1,310.14,5,1,1,7,0.0,0.44,1,0.0,0.0,10,9,2,2,low
CUST01694,Discount Sensitive,38,1,759.46,4,2,1,7,0.0,0.43,1,0.0,0.0,10,2,1,2,medium
CUST01748,Discount Sensitive,36,1,150.03,4,2,1,7,0.0,0.58,1,0.0,0.0,4,10,0,3,medium
CUST01749,Discount Sensitive,190,2,1709.8200000000002,1,3,3,7,0.0,0.345,2,0.0,0.0,0,36,0,0,high
CUST01801,Discount Sensitive,24,1,371.61,4,2,1,7,0.0,0.45,1,1.0,1.0,10,15,2,1,medium
CUST01804,Discount Sensitive,177,3,1552.45,1,3,3,7,0.0,0.4366666666666667,2,0.0,0.0,4,42,0,0,high
CUST01878,Discount Sensitive,22,1,314.15,4,2,1,7,0.0,0.55,1,0.0,0.0,4,6,0,0,low
CUST01892,Discount Sensitive,39,1,547.55,4,2,1,7,0.0,0.43,1,0.0,0.0,5,7,1,1,medium
CUST01902,Discount Sensitive,53,2,549.9300000000001,3,3,1,7,0.0,0.48,2,0.0,0.0,1,19,0,0,medium
CUST01923,Discount Sensitive,146,3,1359.38,2,3,2,7,0.0,0.37666666666666665,1,0.0,0.0,9,35,1,2,high
CUST01992,Discount Sensitive,50,1,1412.07,3,2,2,7,0.0,0.38,1,0.0,0.0,7,16,1,1,medium
CUST02038,Discount Sensitive,262,3,1941.74,1,3,3,7,0.0,0.3933333333333333,2,0.0,0.0,3,57,1,1,high
CUST02205,Discount Sensitive,236,2,2473.31,1,3,3,7,0.0,0.385,2,0.0,0.0,3,43,0,0,high
CUST00070,Discount Sensitive,38,1,542.98,4,1,1,6,0.0,0.34,1,0.0,0.0,1,18,0,0,high
CUST00138,Discount Sensitive,61,1,905.11,3,1,2,6,0.0,0.46,1,0.0,0.0,5,24,0,1,medium
CUST00187,Discount Sensitive,149,3,1344.75,1,3,2,6,0.0,0.5099999999999999,3,0.0,0.0,0,17,0,1,high
CUST00191,Discount Sensitive,28,1,149.0,4,1,1,6,0.0,0.34,1,0.0,0.0,6,11,1,0,low
CUST00549,Discount Sensitive,132,2,1035.57,2,2,2,6,0.0,0.35,2,0.0,0.0,1,31,0,1,high
CUST00568,Discount Sensitive,34,1,482.12,4,1,1,6,0.0,0.38,1,0.0,0.0,3,10,1,0,low
CUST00629,Discount Sensitive,44,1,442.4,4,1,1,6,0.0,0.42,1,0.0,0.0,2,3,0,1,medium
CUST00632,Discount Sensitive,61,1,1078.63,3,1,2,6,0.0,0.45,1,0.0,0.0,11,0,1,1,medium
CUST00731,Discount Sensitive,136,2,1457.58,2,2,2,6,0.0,0.38,1,0.0,0.0,2,18,1,1,high
CUST01026,Discount Sensitive,65,2,759.58,3,2,1,6,0.0,0.41500000000000004,2,0.0,0.0,9,17,1,1,medium
CUST01051,Discount Sensitive,103,2,1390.63,2,2,2,6,0.0,0.38,2,0.0,0.0,7,26,0,3,high
CUST01063,Discount Sensitive,20,1,259.22,4,1,1,6,1.0,0.5,1,1.0,1.0,2,4,1,1,medium
CUST01109,Discount Sensitive,25,1,304.94,4,1,1,6,0.0,0.44,1,0.0,0.0,7,8,0,1,low
CUST01153,Discount Sensitive,33,1,714.43,4,1,1,6,1.0,0.4,1,1.0,1.0,7,2,1,1,medium
CUST01169,Discount Sensitive,54,1,1183.74,3,1,2,6,1.0,0.36,1,1.0,1.0,13,5,3,5,medium
CUST01197,Discount Sensitive,77,2,406.22,3,2,1,6,0.0,0.46,1,0.0,0.0,3,18,0,3,high
CUST01203,Discount Sensitive,60,2,584.44,3,2,1,6,0.0,0.385,1,0.0,0.0,4,7,0,0,medium
CUST01219,Discount Sensitive,86,2,832.04,2,2,2,6,0.0,0.35,1,1.0,1.0,5,20,0,0,high
CUST01262,Discount Sensitive,25,1,195.09,4,1,1,6,0.0,0.57,1,0.0,0.0,11,9,2,2,low
CUST01323,Discount Sensitive,276,3,1273.29,1,3,2,6,0.0,0.43333333333333335,3,0.0,0.0,3,46,0,0,high
CUST01351,Discount Sensitive,30,1,542.87,4,1,1,6,1.0,0.42,1,1.0,1.0,7,0,0,0,medium
CUST01428,Discount Sensitive,51,1,888.61,3,1,2,6,1.0,0.41,1,1.0,1.0,15,13,3,1,medium
CUST01455,Discount Sensitive,335,3,1376.1200000000001,1,3,2,6,0.0,0.37000000000000005,3,0.0,0.0,0,60,0,0,high
CUST01650,Discount Sensitive,102,1,1797.67,2,1,3,6,0.0,0.41,1,0.0,0.0,9,21,1,3,high
CUST01667,Discount Sensitive,136,2,1307.77,2,2,2,6,0.0,0.36,1,0.0,0.0,12,27,1,2,high
CUST01709,Discount Sensitive,157,3,1524.54,1,3,2,6,0.0,0.3666666666666667,2,0.0,0.0,1,26,0,3,high
CUST01745,Discount Sensitive,204,2,806.46,1,3,2,6,0.0,0.52,2,0.0,0.0,6,45,1,2,high
CUST01751,Discount Sensitive,61,1,332.52,3,2,1,6,0.0,0.37,1,0.0,0.0,3,7,0,0,medium
CUST01806,Discount Sensitive,50,1,411.72,3,2,1,6,0.0,0.43,1,0.0,0.0,8,1,2,2,medium
CUST01896,Discount Sensitive,70,1,177.86,3,2,1,6,0.0,0.53,1,0.0,0.0,10,23,1,2,medium
CUST01906,Discount Sensitive,81,1,555.37,3,2,1,6,0.0,0.5,1,0.0,0.0,3,28,0,0,high
CUST01948,Discount Sensitive,170,2,1170.93,1,3,2,6,0.0,0.375,2,0.0,0.0,3,47,0,0,high
CUST01965,Discount Sensitive,196,2,1060.55,1,3,2,6,0.0,0.4,2,0.0,0.0,3,39,0,1,high
CUST02066,Discount Sensitive,48,1,656.93,3,2,1,6,0.0,0.39,1,1.0,1.0,9,5,0,2,medium
CUST02157,Discount Sensitive,48,1,736.31,3,2,1,6,0.0,0.35,1,0.0,0.0,8,12,0,1,medium
CUST02235,Discount Sensitive,52,1,221.66,3,2,1,6,0.0,0.36,1,0.0,0.0,1,6,0,0,high
CUST02273,Discount Sensitive,163,2,1263.48,1,3,2,6,0.0,0.37,2,0.0,0.0,8,39,1,1,high
CUST02280,Discount Sensitive,145,1,1244.85,2,2,2,6,0.0,0.43,1,0.0,0.0,8,32,1,1,high
CUST02320,Discount Sensitive,97,2,519.24,2,3,1,6,0.0,0.345,2,0.0,0.0,3,15,0,2,high
CUST02374,Discount Sensitive,80,1,158.59,3,2,1,6,0.0,0.43,1,0.0,0.0,2,20,0,2,high
CUST02397,Discount Sensitive,58,1,451.68,3,2,1,6,0.0,0.34,1,0.0,0.0,12,25,2,1,medium
CUST00095,Discount Sensitive,65,1,372.65,3,1,1,5,0.0,0.41,1,1.0,1.0,10,7,1,1,medium
CUST00130,Discount Sensitive,88,1,1272.47,2,1,2,5,0.0,0.48,1,0.0,0.0,9,12,0,0,high
CUST00163,Discount Sensitive,70,1,275.41,3,1,1,5,0.0,0.37,1,0.0,0.0,3,19,1,2,medium
CUST00203,Discount Sensitive,114,2,743.3499999999999,2,2,1,5,0.0,0.39,2,0.0,0.0,6,28,1,0,high
CUST00265,Discount Sensitive,77,1,510.24,3,1,1,5,0.0,0.38,1,0.0,0.0,7,28,2,0,high
CUST00274,Discount Sensitive,71,1,695.0,3,1,1,5,0.0,0.36,1,0.0,0.0,1,2,0,0,high
CUST00635,Discount Sensitive,134,1,1016.46,2,1,2,5,0.0,0.35,1,0.0,0.0,1,13,0,1,high
CUST00673,Discount Sensitive,118,1,1297.2,2,1,2,5,0.0,0.36,1,0.0,0.0,1,28,0,1,high
CUST00729,Discount Sensitive,140,1,1324.83,2,1,2,5,0.0,0.38,1,0.0,0.0,1,42,0,1,high
CUST00781,Discount Sensitive,49,1,442.8,3,1,1,5,0.0,0.38,1,0.0,0.0,4,14,0,0,medium
CUST00910,Discount Sensitive,127,1,1239.32,2,1,2,5,0.0,0.39,1,0.0,0.0,3,22,0,1,high
CUST01188,Discount Sensitive,92,2,688.52,2,2,1,5,0.5,0.5700000000000001,2,1.0,1.0,14,8,1,3,high
CUST01216,Discount Sensitive,107,1,1022.33,2,1,2,5,0.0,0.35,1,0.0,0.0,10,24,0,2,high
CUST01270,Discount Sensitive,57,1,309.87,3,1,1,5,0.0,0.43,1,1.0,1.0,4,20,1,0,medium
CUST01279,Discount Sensitive,101,1,1494.42,2,1,2,5,1.0,0.35,1,0.0,0.0,3,31,0,1,high
CUST01396,Discount Sensitive,127,1,826.44,2,1,2,5,0.0,0.35,1,0.0,0.0,2,21,0,0,high
CUST01505,Discount Sensitive,64,1,608.83,3,1,1,5,0.0,0.4,1,0.0,0.0,2,1,1,2,medium
CUST01541,Discount Sensitive,64,1,626.47,3,1,1,5,0.0,0.36,1,0.0,0.0,5,26,1,0,medium
CUST01570,Discount Sensitive,144,2,551.3299999999999,2,2,1,5,0.0,0.41000000000000003,2,0.0,0.0,2,34,1,0,high
CUST02031,Discount Sensitive,167,2,734.56,1,3,1,5,0.0,0.39,2,0.0,0.0,2,35,0,0,high
CUST02045,Discount Sensitive,92,1,626.4,2,2,1,5,0.0,0.48,1,0.0,0.0,5,31,1,3,high
CUST02125,Discount Sensitive,140,1,321.85,2,2,1,5,0.0,0.47,1,0.0,0.0,13,30,1,5,high
CUST00018,Discount Sensitive,111,1,329.21,2,1,1,4,0.0,0.36,1,0.0,0.0,3,37,0,2,high
CUST00037,Discount Sensitive,102,1,435.83,2,1,1,4,0.0,0.43,1,0.0,0.0,5,28,0,0,high
CUST00471,Discount Sensitive,126,1,307.23,2,1,1,4,0.0,0.49,1,0.0,0.0,5,27,1,0,high
CUST00569,Discount Sensitive,113,1,430.0,2,1,1,4,0.0,0.38,1,0.0,0.0,7,23,2,3,high
CUST00602,Discount Sensitive,91,1,171.18,2,1,1,4,0.0,0.57,1,0.0,0.0,5,21,1,1,high
CUST00672,Discount Sensitive,141,1,434.37,2,1,1,4,0.0,0.47,1,0.0,0.0,10,18,2,3,high
CUST00771,Discount Sensitive,90,1,456.76,2,1,1,4,0.0,0.41,1,1.0,1.0,8,0,0,0,high
CUST00828,Discount Sensitive,90,1,355.91,2,1,1,4,0.0,0.39,1,0.0,0.0,5,17,1,0,high
CUST00963,Discount Sensitive,103,1,641.2,2,1,1,4,0.0,0.34,1,0.0,0.0,9,20,1,1,high
CUST01121,Discount Sensitive,88,1,149.0,2,1,1,4,0.0,0.64,1,0.0,0.0,0,0,0,0,high
CUST01288,Discount Sensitive,132,1,486.14,2,1,1,4,0.0,0.38,1,0.0,0.0,0,25,0,0,high
CUST01319,Discount Sensitive,111,1,336.29,2,1,1,4,0.0,0.48,1,0.0,0.0,10,14,3,1,high
CUST00098,Dormant,184,2,1843.57,1,2,3,6,0.0,0.195,2,0.0,0.0,8,49,0,0,high
CUST00256,Dormant,181,2,1727.8400000000001,1,2,3,6,0.0,0.105,2,0.0,0.0,1,34,0,0,high
CUST00286,Dormant,369,2,2027.25,1,2,3,6,0.0,0.395,2,0.0,0.0,1,60,1,1,high
CUST00658,Dormant,219,2,2355.97,1,2,3,6,0.0,0.27,2,0.0,0.0,3,29,1,1,high
CUST00730,Dormant,232,2,1923.08,1,2,3,6,0.0,0.32999999999999996,2,0.0,0.0,3,43,0,0,high
CUST00746,Dormant,177,2,1625.12,1,2,3,6,0.0,0.46,2,0.0,0.0,0,17,0,0,high
CUST00755,Dormant,200,2,1585.3600000000001,1,2,3,6,0.5,0.27999999999999997,2,0.0,0.0,12,45,1,2,high
CUST00766,Dormant,166,2,1783.35,1,2,3,6,0.0,0.305,2,0.0,0.0,7,46,0,0,high
CUST00940,Dormant,236,2,1727.24,1,2,3,6,1.0,0.14500000000000002,2,0.0,0.0,0,49,0,0,high
CUST00967,Dormant,218,2,2065.27,1,2,3,6,0.5,0.29000000000000004,2,0.0,0.0,2,53,0,0,high
CUST00983,Dormant,256,2,1982.29,1,2,3,6,0.0,0.10500000000000001,2,0.0,0.0,1,43,0,0,high
CUST01098,Dormant,198,2,1964.25,1,2,3,6,0.0,0.33499999999999996,2,0.0,0.0,3,33,0,0,high
CUST01162,Dormant,175,2,2483.96,1,2,3,6,0.0,0.155,1,0.0,0.0,1,54,0,0,high
CUST01165,Dormant,155,2,1690.75,1,2,3,6,0.0,0.265,2,0.0,0.0,5,31,1,0,high
CUST01273,Dormant,149,2,1602.01,1,2,3,6,0.0,0.315,2,0.0,0.0,1,22,0,0,high
CUST01438,Dormant,157,2,2087.95,1,2,3,6,0.0,0.305,2,0.0,0.0,0,36,0,0,high
CUST01613,Dormant,255,2,1983.37,1,2,3,6,0.0,0.16,2,0.0,0.0,0,60,0,1,high
CUST01623,Dormant,359,2,1834.9099999999999,1,2,3,6,0.0,0.32,1,0.0,0.0,0,60,0,0,high
CUST01639,Dormant,166,2,2292.2200000000003,1,2,3,6,0.0,0.065,2,0.0,0.0,3,29,0,0,high
CUST02156,Dormant,214,1,1705.47,1,2,3,6,0.0,0.19,1,0.0,0.0,0,40,0,2,high
CUST02351,Dormant,239,1,1592.34,1,2,3,6,0.0,0.26,1,0.0,0.0,1,56,0,0,high
CUST00137,Dormant,177,2,1035.87,1,2,2,5,0.0,0.315,2,0.0,0.0,4,31,1,0,high
CUST00160,Dormant,177,2,1064.66,1,2,2,5,0.0,0.28500000000000003,2,0.0,0.0,4,37,0,0,high
CUST00169,Dormant,222,1,1799.45,1,1,3,5,0.0,0.12,1,0.0,0.0,1,45,0,0,high
CUST00222,Dormant,186,2,1259.5,1,2,2,5,0.0,0.45,1,0.0,0.0,1,22,0,0,high
CUST00282,Dormant,296,2,774.76,1,2,2,5,0.0,0.33999999999999997,1,0.0,0.0,1,60,0,0,high
CUST00284,Dormant,291,2,781.62,1,2,2,5,0.0,0.345,1,0.0,0.0,1,60,1,1,high
CUST00374,Dormant,219,2,795.8299999999999,1,2,2,5,0.0,0.345,2,0.0,0.0,0,44,0,3,high
CUST00411,Dormant,253,1,1756.76,1,1,3,5,0.0,0.16,1,0.0,0.0,1,54,0,0,high
CUST00431,Dormant,154,2,903.65,1,2,2,5,0.0,0.435,1,0.0,0.0,1,31,0,1,high
CUST00434,Dormant,293,2,1034.35,1,2,2,5,0.0,0.25,2,0.0,0.0,2,47,0,1,high
CUST00457,Dormant,321,2,1371.21,1,2,2,5,0.0,0.15000000000000002,2,0.0,0.0,1,60,0,0,high
CUST00468,Dormant,198,2,1077.8600000000001,1,2,2,5,0.5,0.385,1,0.0,0.0,1,36,0,1,high
CUST00497,Dormant,159,1,1724.62,1,1,3,5,0.0,0.14,1,0.0,0.0,1,32,0,2,high
CUST00522,Dormant,462,1,1688.22,1,1,3,5,0.0,0.2,1,0.0,0.0,1,60,0,2,high
CUST00562,Dormant,259,2,899.8599999999999,1,2,2,5,0.5,0.4,1,0.0,0.0,1,45,0,1,high
CUST00678,Dormant,196,2,1145.87,1,2,2,5,0.0,0.295,1,0.0,0.0,1,26,0,0,high
CUST00760,Dormant,162,2,1132.19,1,2,2,5,0.5,0.28,1,0.0,0.0,1,37,0,0,high
CUST00761,Dormant,193,2,1069.58,1,2,2,5,0.0,0.145,2,0.0,0.0,1,41,0,0,high
CUST00802,Dormant,201,1,1787.0,1,1,3,5,0.0,0.28,1,0.0,0.0,1,48,0,0,high
CUST00820,Dormant,189,2,935.6700000000001,1,2,2,5,0.0,0.44,2,0.0,0.0,4,46,0,2,high
CUST00918,Dormant,236,2,1142.22,1,2,2,5,0.0,0.38,2,0.0,0.0,1,43,0,0,high
CUST00958,Dormant,160,2,1033.42,1,2,2,5,0.0,0.27,2,0.0,0.0,2,23,1,0,high
CUST01013,Dormant,307,2,1302.3899999999999,1,2,2,5,0.5,0.255,2,0.0,0.0,0,53,0,0,high
CUST01019,Dormant,290,2,1151.0900000000001,1,2,2,5,0.0,0.38,1,0.0,0.0,4,59,0,3,high
CUST01022,Dormant,252,2,1528.4,1,2,2,5,0.0,0.455,2,0.0,0.0,0,40,0,0,high
CUST01078,Dormant,156,2,777.22,1,2,2,5,0.0,0.24,1,0.0,0.0,2,39,0,1,high
CUST01079,Dormant,177,1,1832.92,1,1,3,5,0.0,0.1,1,0.0,0.0,5,33,0,0,high
CUST01085,Dormant,358,1,1786.06,1,1,3,5,0.0,0.35,1,0.0,0.0,1,60,1,1,high
CUST01123,Dormant,182,2,958.69,1,2,2,5,0.5,0.27,2,0.0,0.0,1,29,0,0,high
CUST01217,Dormant,163,2,1295.0,1,2,2,5,0.0,0.20500000000000002,1,0.0,0.0,6,36,1,0,high
CUST01232,Dormant,183,2,906.6800000000001,1,2,2,5,0.0,0.185,2,0.0,0.0,8,39,1,0,high
CUST01245,Dormant,255,2,1283.42,1,2,2,5,0.0,0.16499999999999998,2,0.0,0.0,2,60,0,0,high
CUST01307,Dormant,234,2,1179.22,1,2,2,5,0.0,0.22,1,0.0,0.0,4,38,1,2,high
CUST01350,Dormant,190,2,1242.73,1,2,2,5,0.0,0.215,1,0.0,0.0,1,26,0,0,high
CUST01379,Dormant,186,1,2392.34,1,1,3,5,0.0,0.0,1,0.0,0.0,6,40,1,1,high
CUST01402,Dormant,254,2,1474.48,1,2,2,5,0.0,0.265,2,0.0,0.0,0,47,0,2,high
CUST01408,Dormant,307,2,792.08,1,2,2,5,0.0,0.41000000000000003,2,0.0,0.0,0,60,0,0,high
CUST01418,Dormant,176,2,1190.06,1,2,2,5,0.0,0.42500000000000004,2,0.0,0.0,10,35,1,1,high
CUST01435,Dormant,186,1,2210.82,1,1,3,5,0.0,0.12,1,0.0,0.0,0,25,0,0,high
CUST01448,Dormant,233,2,1268.95,1,2,2,5,0.5,0.325,2,0.0,0.0,1,36,0,0,high
CUST01463,Dormant,356,2,987.71,1,2,2,5,0.5,0.3,1,0.0,0.0,1,60,0,0,high
CUST01531,Dormant,222,2,1077.94,1,2,2,5,0.5,0.37,2,0.0,0.0,3,48,1,1,high
CUST01564,Dormant,236,2,1155.5900000000001,1,2,2,5,0.0,0.32999999999999996,2,0.0,0.0,1,45,0,0,high
CUST01567,Dormant,345,2,1423.0500000000002,1,2,2,5,0.0,0.19,1,0.0,0.0,3,60,1,1,high
CUST01568,Dormant,178,2,1002.8800000000001,1,2,2,5,0.0,0.315,2,0.0,0.0,2,31,0,0,high
CUST01661,Dormant,154,2,826.76,1,2,2,5,0.5,0.365,2,0.0,0.0,0,18,0,0,high
CUST01781,Dormant,241,1,1360.78,1,2,2,5,0.0,0.43,1,0.0,0.0,3,53,1,2,high
CUST01842,Dormant,161,1,1332.91,1,2,2,5,0.0,0.32,1,0.0,0.0,0,31,0,1,high
CUST01895,Dormant,329,1,1344.42,1,2,2,5,0.0,0.33,1,0.0,0.0,7,60,1,3,high
CUST01898,Dormant,218,1,829.18,1,2,2,5,0.0,0.23,1,0.0,0.0,1,50,0,0,high
CUST01953,Dormant,176,1,886.28,1,2,2,5,0.0,0.34,1,0.0,0.0,0,38,0,0,high
CUST02069,Dormant,315,1,791.45,1,2,2,5,0.0,0.24,1,0.0,0.0,2,57,0,0,high
CUST02111,Dormant,184,1,1404.22,1,2,2,5,0.0,0.3,1,0.0,0.0,0,34,0,0,high
CUST02122,Dormant,244,1,863.7,1,2,2,5,0.0,0.14,1,0.0,0.0,0,45,0,0,high
CUST02127,Dormant,210,1,1050.81,1,2,2,5,0.0,0.24,1,0.0,0.0,3,38,0,1,high
CUST02155,Dormant,197,1,846.73,1,2,2,5,0.0,0.49,1,0.0,0.0,10,45,0,0,high
CUST02177,Dormant,197,1,898.53,1,2,2,5,0.0,0.38,1,0.0,0.0,1,42,0,0,high
CUST02187,Dormant,217,1,1006.5,1,2,2,5,0.0,0.3,1,0.0,0.0,1,40,0,1,high
CUST02234,Dormant,169,1,880.11,1,2,2,5,0.0,0.15,1,0.0,0.0,5,35,2,0,high
CUST00084,Dormant,167,1,1273.18,1,1,2,4,0.0,0.12,1,0.0,0.0,11,34,2,1,high
CUST00111,Dormant,178,1,1135.09,1,1,2,4,0.0,0.23,1,0.0,0.0,3,33,0,0,high
CUST00158,Dormant,155,1,812.34,1,1,2,4,0.0,0.25,1,0.0,0.0,8,32,1,1,high
CUST00259,Dormant,192,1,1519.33,1,1,2,4,0.0,0.32,1,0.0,0.0,0,31,0,0,high
CUST00297,Dormant,154,1,1130.29,1,1,2,4,0.0,0.16,1,0.0,0.0,13,30,1,2,high
CUST00298,Dormant,201,1,1122.99,1,1,2,4,0.0,0.2,1,0.0,0.0,6,50,2,2,high
CUST00365,Dormant,158,1,1015.06,1,1,2,4,0.0,0.21,1,0.0,0.0,7,21,2,0,high
CUST00367,Dormant,212,1,884.81,1,1,2,4,0.0,0.14,1,0.0,0.0,1,33,0,1,high
CUST00412,Dormant,529,1,1486.51,1,1,2,4,0.0,0.04,1,0.0,0.0,0,60,0,0,high
CUST00441,Dormant,211,1,786.67,1,1,2,4,0.0,0.24,1,0.0,0.0,1,33,0,0,high
CUST00449,Dormant,209,2,661.52,1,2,1,4,0.0,0.38,2,0.0,0.0,1,60,1,0,high
CUST00465,Dormant,177,1,1298.74,1,1,2,4,0.0,0.37,1,0.0,0.0,3,34,1,1,high
CUST00489,Dormant,210,1,963.44,1,1,2,4,0.0,0.37,1,0.0,0.0,10,32,3,0,high
CUST00548,Dormant,165,1,858.7,1,1,2,4,0.0,0.28,1,0.0,0.0,6,24,2,0,high
CUST00558,Dormant,399,2,679.0699999999999,1,2,1,4,0.0,0.255,2,0.0,0.0,1,60,1,0,high
CUST00560,Dormant,231,1,1135.13,1,1,2,4,0.0,0.35,1,0.0,0.0,1,51,0,0,high
CUST00643,Dormant,155,1,1091.34,1,1,2,4,0.0,0.26,1,0.0,0.0,14,33,2,1,high
CUST00680,Dormant,215,1,1087.83,1,1,2,4,0.0,0.29,1,0.0,0.0,1,41,1,0,high
CUST00681,Dormant,211,1,1372.4,1,1,2,4,1.0,0.41,1,0.0,0.0,1,35,0,0,high
CUST00791,Dormant,230,1,1187.93,1,1,2,4,0.0,0.38,1,0.0,0.0,0,46,0,0,high
CUST00921,Dormant,195,1,1335.06,1,1,2,4,1.0,0.1,1,0.0,0.0,3,49,0,0,high
CUST01023,Dormant,204,1,948.21,1,1,2,4,0.0,0.24,1,0.0,0.0,8,47,1,0,high
CUST01083,Dormant,236,2,767.05,1,2,1,4,0.0,0.35,2,0.0,0.0,1,49,0,2,high
CUST01128,Dormant,182,1,1108.73,1,1,2,4,0.0,0.21,1,0.0,0.0,4,36,0,0,high
CUST01231,Dormant,226,1,872.98,1,1,2,4,0.0,0.07,1,0.0,0.0,0,41,0,0,high
CUST01324,Dormant,227,1,967.23,1,1,2,4,0.0,0.14,1,0.0,0.0,1,35,0,1,high
CUST01344,Dormant,395,1,1054.04,1,1,2,4,0.0,0.28,1,0.0,0.0,3,60,0,0,high
CUST01364,Dormant,148,1,1261.0,1,1,2,4,0.0,0.2,1,0.0,0.0,3,35,1,0,high
CUST01365,Dormant,247,2,749.98,1,2,1,4,0.0,0.36,1,0.0,0.0,1,47,0,0,high
CUST01468,Dormant,166,1,1034.31,1,1,2,4,0.0,0.38,1,0.0,0.0,4,20,1,0,high
CUST01529,Dormant,194,1,1455.91,1,1,2,4,0.0,0.28,1,0.0,0.0,0,39,0,0,high
CUST01572,Dormant,227,1,1048.29,1,1,2,4,0.0,0.31,1,0.0,0.0,1,45,0,1,high
CUST01607,Dormant,155,1,1515.3,1,1,2,4,0.0,0.23,1,0.0,0.0,7,37,1,0,high
CUST01752,Dormant,171,1,516.34,1,2,1,4,0.0,0.3,1,0.0,0.0,2,26,0,0,high
CUST01766,Dormant,163,1,561.64,1,2,1,4,0.0,0.22,1,0.0,0.0,4,36,1,0,high
CUST01816,Dormant,189,1,507.79,1,2,1,4,0.0,0.12,1,0.0,0.0,2,45,0,0,high
CUST01845,Dormant,164,1,545.67,1,2,1,4,0.0,0.33,1,0.0,0.0,3,53,0,0,high
CUST01851,Dormant,355,1,289.22,1,2,1,4,0.0,0.47,1,0.0,0.0,2,60,0,1,high
CUST01863,Dormant,188,1,530.13,1,2,1,4,0.0,0.32,1,0.0,0.0,4,47,1,0,high
CUST01864,Dormant,221,1,519.75,1,2,1,4,0.0,0.12,1,0.0,0.0,3,44,0,0,high
CUST01890,Dormant,226,1,416.76,1,2,1,4,0.0,0.28,1,0.0,0.0,1,40,0,3,high
CUST01942,Dormant,249,1,523.56,1,2,1,4,0.0,0.2,1,0.0,0.0,4,41,0,2,high
CUST02048,Dormant,187,1,683.23,1,2,1,4,0.0,0.47,1,0.0,0.0,0,26,0,0,high
CUST02084,Dormant,165,1,481.85,1,2,1,4,0.0,0.32,1,0.0,0.0,2,41,0,1,high
CUST02098,Dormant,223,1,558.72,1,2,1,4,0.0,0.18,1,0.0,0.0,8,32,1,0,high
CUST02115,Dormant,277,1,483.57,1,2,1,4,0.0,0.24,1,0.0,0.0,0,50,0,0,high
CUST02126,Dormant,206,1,698.21,1,2,1,4,0.0,0.33,1,0.0,0.0,1,44,0,0,high
CUST02138,Dormant,194,1,472.88,1,2,1,4,0.0,0.22,1,0.0,0.0,2,36,0,0,high
CUST02148,Dormant,173,1,459.5,1,2,1,4,0.0,0.33,1,0.0,0.0,1,31,0,0,high
CUST02196,Dormant,175,1,605.92,1,2,1,4,0.0,0.21,1,0.0,0.0,0,38,0,0,high
CUST02204,Dormant,175,1,456.72,1,2,1,4,0.0,0.15,1,0.0,0.0,1,46,0,1,high
CUST02309,Dormant,562,1,359.12,1,2,1,4,0.0,0.22,1,0.0,0.0,1,60,0,1,high
CUST02313,Dormant,171,1,583.08,1,2,1,4,0.0,0.36,1,0.0,0.0,3,30,1,0,high
CUST00003,Dormant,171,1,649.98,1,1,1,3,0.0,0.47,1,0.0,0.0,1,26,0,0,high
CUST00016,Dormant,215,1,478.02,1,1,1,3,0.0,0.22,1,0.0,0.0,2,32,0,1,high
CUST00040,Dormant,154,1,634.73,1,1,1,3,0.0,0.38,1,0.0,0.0,1,42,0,0,high
CUST00047,Dormant,204,1,764.43,1,1,1,3,0.0,0.16,1,0.0,0.0,2,36,0,1,high
CUST00063,Dormant,216,1,397.69,1,1,1,3,0.0,0.22,1,0.0,0.0,0,24,0,0,high
CUST00079,Dormant,191,1,619.57,1,1,1,3,0.0,0.05,1,0.0,0.0,2,31,0,0,high
CUST00115,Dormant,159,1,596.54,1,1,1,3,0.0,0.14,1,0.0,0.0,12,23,0,2,high
CUST00167,Dormant,219,1,423.24,1,1,1,3,0.0,0.24,1,0.0,0.0,0,31,0,1,high
CUST00193,Dormant,157,1,424.74,1,1,1,3,0.0,0.21,1,0.0,0.0,3,30,1,2,high
CUST00239,Dormant,320,1,208.1,1,1,1,3,0.0,0.51,1,0.0,0.0,4,60,1,0,high
CUST00305,Dormant,166,1,531.59,1,1,1,3,0.0,0.19,1,0.0,0.0,6,33,1,0,high
CUST00313,Dormant,162,1,769.77,1,1,1,3,0.0,0.33,1,0.0,0.0,16,37,1,0,high
CUST00328,Dormant,322,1,371.68,1,1,1,3,0.0,0.32,1,0.0,0.0,2,60,0,0,high
CUST00361,Dormant,169,1,361.04,1,1,1,3,1.0,0.12,1,0.0,0.0,3,20,0,1,high
CUST00370,Dormant,172,1,452.14,1,1,1,3,0.0,0.42,1,0.0,0.0,8,29,1,1,high
CUST00381,Dormant,182,1,597.86,1,1,1,3,0.0,0.28,1,0.0,0.0,2,32,0,0,high
CUST00437,Dormant,151,1,729.22,1,1,1,3,0.0,0.25,1,0.0,0.0,0,33,0,0,high
CUST00444,Dormant,232,1,520.84,1,1,1,3,0.0,0.19,1,0.0,0.0,1,51,0,1,high
CUST00479,Dormant,269,1,319.34,1,1,1,3,0.0,0.27,1,0.0,0.0,5,42,1,0,high
CUST00508,Dormant,148,1,717.51,1,1,1,3,0.0,0.13,1,0.0,0.0,6,37,1,0,high
CUST00582,Dormant,286,1,392.06,1,1,1,3,0.0,0.42,1,0.0,0.0,2,60,1,2,high
CUST00614,Dormant,196,1,267.96,1,1,1,3,0.0,0.33,1,0.0,0.0,1,38,0,1,high
CUST00624,Dormant,232,1,270.09,1,1,1,3,0.0,0.51,1,0.0,0.0,4,60,1,0,high
CUST00695,Dormant,198,1,616.85,1,1,1,3,0.0,0.41,1,0.0,0.0,4,48,1,0,high
CUST00782,Dormant,194,1,505.28,1,1,1,3,0.0,0.31,1,0.0,0.0,1,41,0,2,high
CUST00810,Dormant,217,1,528.93,1,1,1,3,0.0,0.37,1,0.0,0.0,0,37,0,2,high
CUST00812,Dormant,189,1,383.16,1,1,1,3,0.0,0.25,1,0.0,0.0,0,27,0,0,high
CUST00855,Dormant,292,1,613.47,1,1,1,3,0.0,0.43,1,0.0,0.0,1,52,0,0,high
CUST00884,Dormant,271,1,365.93,1,1,1,3,0.0,0.26,1,0.0,0.0,1,55,0,0,high
CUST00899,Dormant,187,1,574.65,1,1,1,3,1.0,0.18,1,0.0,0.0,4,47,0,0,high
CUST00909,Dormant,185,1,615.14,1,1,1,3,1.0,0.49,1,0.0,0.0,0,32,0,0,high
CUST00927,Dormant,343,1,617.86,1,1,1,3,0.0,0.36,1,0.0,0.0,1,60,0,0,high
CUST00928,Dormant,229,1,325.55,1,1,1,3,0.0,0.53,1,0.0,0.0,1,60,0,2,high
CUST00946,Dormant,173,1,542.29,1,1,1,3,0.0,0.39,1,0.0,0.0,4,35,0,5,high
CUST00978,Dormant,307,1,725.16,1,1,1,3,0.0,0.38,1,0.0,0.0,0,56,0,0,high
CUST00997,Dormant,180,1,325.85,1,1,1,3,0.0,0.33,1,0.0,0.0,4,36,1,1,high
CUST01008,Dormant,269,1,473.15,1,1,1,3,0.0,0.1,1,0.0,0.0,1,50,0,0,high
CUST01041,Dormant,164,1,149.0,1,1,1,3,0.0,0.35,1,0.0,0.0,1,34,0,0,high
CUST01047,Dormant,149,1,389.07,1,1,1,3,0.0,0.22,1,0.0,0.0,2,26,0,0,high
CUST01052,Dormant,173,1,763.75,1,1,1,3,0.0,0.05,1,0.0,0.0,7,42,2,0,high
CUST01072,Dormant,183,1,377.27,1,1,1,3,1.0,0.3,1,0.0,0.0,8,40,0,3,high
CUST01129,Dormant,157,1,675.97,1,1,1,3,0.0,0.39,1,0.0,0.0,7,28,1,0,high
CUST01163,Dormant,375,1,379.14,1,1,1,3,0.0,0.2,1,0.0,0.0,3,60,0,0,high
CUST01176,Dormant,215,1,149.0,1,1,1,3,0.0,0.51,1,0.0,0.0,6,44,1,1,high
CUST01193,Dormant,457,1,270.13,1,1,1,3,0.0,0.32,1,0.0,0.0,0,60,0,0,high
CUST01210,Dormant,266,1,429.55,1,1,1,3,0.0,0.34,1,0.0,0.0,0,54,0,1,high
CUST01213,Dormant,163,1,492.41,1,1,1,3,0.0,0.21,1,0.0,0.0,3,33,0,1,high
CUST01239,Dormant,193,1,592.44,1,1,1,3,0.0,0.2,1,0.0,0.0,7,35,1,0,high
CUST01250,Dormant,175,1,612.27,1,1,1,3,0.0,0.34,1,0.0,0.0,0,35,0,2,high
CUST01256,Dormant,286,1,564.83,1,1,1,3,0.0,0.21,1,0.0,0.0,3,56,0,1,high
CUST01315,Dormant,222,1,473.31,1,1,1,3,0.0,0.29,1,0.0,0.0,1,52,0,0,high
CUST01339,Dormant,162,1,450.33,1,1,1,3,0.0,0.26,1,0.0,0.0,3,37,1,0,high
CUST01368,Dormant,308,1,498.64,1,1,1,3,0.0,0.33,1,0.0,0.0,8,60,2,3,high
CUST01413,Dormant,234,1,623.43,1,1,1,3,0.0,0.2,1,0.0,0.0,2,39,1,0,high
CUST01441,Dormant,322,1,472.82,1,1,1,3,0.0,0.38,1,0.0,0.0,1,60,0,2,high
CUST01480,Dormant,347,1,682.11,1,1,1,3,0.0,0.06,1,0.0,0.0,3,60,0,0,high
CUST01516,Dormant,172,1,421.68,1,1,1,3,0.0,0.41,1,0.0,0.0,15,34,0,2,high
CUST01518,Dormant,485,1,569.86,1,1,1,3,0.0,0.26,1,0.0,0.0,1,60,0,0,high
CUST01533,Dormant,167,1,697.43,1,1,1,3,0.0,0.21,1,0.0,0.0,6,22,0,0,high
CUST01539,Dormant,158,1,643.65,1,1,1,3,0.0,0.27,1,0.0,0.0,0,29,0,0,high
CUST01553,Dormant,153,1,381.8,1,1,1,3,0.0,0.25,1,0.0,0.0,4,27,1,1,high
CUST01561,Dormant,153,1,567.89,1,1,1,3,0.0,0.21,1,0.0,0.0,5,16,0,3,high
CUST01606,Dormant,180,1,282.09,1,1,1,3,0.0,0.45,1,0.0,0.0,1,36,0,0,high
CUST01612,Dormant,283,1,725.09,1,1,1,3,0.0,0.43,1,0.0,0.0,1,60,0,0,high
CUST01648,Dormant,150,1,540.77,1,1,1,3,0.0,0.19,1,0.0,0.0,2,23,0,3,high
CUST01649,Dormant,243,1,376.88,1,1,1,3,0.0,0.21,1,0.0,0.0,1,56,0,0,high
CUST01657,Dormant,328,1,149.0,1,1,1,3,0.0,0.39,1,0.0,0.0,2,60,0,0,high
CUST00015,General Nurture,35,4,4200.93,4,3,5,12,0.0,0.3025,3,0.0,0.0,6,11,1,0,low
CUST00056,General Nurture,9,4,3530.41,5,3,4,12,0.0,0.28500000000000003,3,1.0,1.0,3,0,1,0,medium
CUST00059,General Nurture,2,3,2852.63,5,3,4,12,0.0,0.32666666666666666,2,0.0,0.0,3,2,0,0,low
CUST00107,General Nurture,12,3,3548.15,5,3,4,12,0.0,0.11333333333333334,2,0.0,0.0,2,10,1,0,low
CUST00391,General Nurture,1,3,2830.86,5,3,4,12,0.0,0.23666666666666666,2,0.0,0.0,4,0,0,0,low
CUST00499,General Nurture,18,3,2917.37,5,3,4,12,0.0,0.09999999999999999,2,0.0,0.0,1,9,0,0,high
CUST00683,General Nurture,0,3,3422.7,5,3,4,12,0.0,0.25,2,1.0,0.0,7,0,2,1,medium
CUST00891,General Nurture,13,3,3475.43,5,3,4,12,0.0,0.3433333333333333,2,0.0,0.0,0,1,0,0,low
CUST00938,General Nurture,26,3,4729.23,4,3,5,12,0.0,0.2933333333333334,3,1.0,1.0,2,0,0,0,medium
CUST01861,General Nurture,1,3,2676.62,5,3,4,12,0.0,0.2966666666666667,2,0.0,0.0,4,20,0,2,low
CUST01862,General Nurture,9,3,3486.8,5,3,4,12,0.0,0.06,2,0.0,0.0,4,17,1,1,low
CUST02027,General Nurture,12,3,2947.52,5,3,4,12,0.0,0.2866666666666667,3,0.0,0.0,7,0,2,1,low
CUST02096,General Nurture,5,3,2926.04,5,3,4,12,0.0,0.29333333333333333,2,0.0,0.0,9,0,1,0,low
CUST00039,General Nurture,15,3,1598.49,5,3,3,11,0.0,0.2966666666666667,3,0.0,0.0,6,4,0,1,low
CUST00050,General Nurture,0,3,2466.39,5,3,3,11,0.3333333333333333,0.3333333333333333,3,0.0,0.0,3,0,0,1,low
CUST00062,General Nurture,21,4,2805.19,4,3,4,11,0.0,0.2525,3,0.0,0.0,9,0,1,1,low
CUST00155,General Nurture,2,3,2024.8,5,3,3,11,0.0,0.39666666666666667,2,0.0,0.0,6,11,1,0,low
CUST00156,General Nurture,34,2,4241.75,4,2,5,11,0.5,0.14500000000000002,1,1.0,0.0,14,0,1,0,medium
CUST00277,General Nurture,2,3,1630.27,5,3,3,11,0.0,0.24666666666666667,3,0.0,0.0,2,12,0,0,low
CUST00325,General Nurture,44,3,3542.89,4,3,4,11,0.0,0.24,2,0.0,0.0,6,7,0,1,medium
CUST00348,General Nurture,1,3,2509.74,5,3,3,11,0.0,0.25666666666666665,3,0.0,0.0,14,4,1,2,low
CUST00462,General Nurture,35,3,2689.5,4,3,4,11,0.0,0.3566666666666667,2,0.0,0.0,2,0,0,0,low
CUST00523,General Nurture,29,3,2606.67,4,3,4,11,0.0,0.4266666666666667,3,0.0,0.0,7,12,1,0,low
CUST00770,General Nurture,27,3,2711.16,4,3,4,11,0.0,0.19999999999999998,3,1.0,1.0,12,0,1,1,medium
CUST00887,General Nurture,9,3,2344.2,5,3,3,11,0.0,0.30333333333333334,3,0.0,0.0,0,6,0,2,high
CUST00926,General Nurture,1,3,1704.96,5,3,3,11,0.0,0.21,2,1.0,1.0,5,2,0,0,medium
CUST01073,General Nurture,80,3,4033.7000000000003,3,3,5,11,0.3333333333333333,0.14333333333333334,2,1.0,1.0,5,29,1,0,high
CUST01144,General Nurture,38,3,3548.18,4,3,4,11,0.3333333333333333,0.3233333333333333,2,0.0,0.0,6,10,0,0,medium
CUST01158,General Nurture,42,3,3891.19,4,3,4,11,0.0,0.21,3,0.0,0.0,11,6,1,0,medium
CUST01382,General Nurture,4,3,1589.74,5,3,3,11,0.3333333333333333,0.16666666666666666,3,1.0,1.0,5,0,1,1,medium
CUST01565,General Nurture,41,3,2690.33,4,3,4,11,0.0,0.16666666666666666,3,0.0,0.0,4,8,1,1,medium
CUST01615,General Nurture,1,3,1862.39,5,3,3,11,0.0,0.26333333333333336,3,1.0,1.0,3,3,0,0,medium
CUST01703,General Nurture,7,2,2037.6100000000001,5,3,3,11,0.0,0.11499999999999999,2,0.0,0.0,6,4,0,0,low
CUST01716,General Nurture,31,3,2688.8500000000004,4,3,4,11,0.3333333333333333,0.29000000000000004,3,1.0,1.0,1,6,0,0,medium
CUST01843,General Nurture,25,2,2693.71,4,3,4,11,0.0,0.14,1,0.0,0.0,8,3,1,0,low
CUST01868,General Nurture,80,3,26057.29,3,3,5,11,0.0,0.21666666666666667,2,0.0,0.0,4,15,1,1,high
CUST01877,General Nurture,45,3,2789.21,4,3,4,11,0.3333333333333333,0.4066666666666667,2,1.0,1.0,1,0,0,0,medium
CUST01904,General Nurture,39,3,2969.4300000000003,4,3,4,11,0.3333333333333333,0.2733333333333334,3,1.0,1.0,4,3,1,0,medium
CUST01905,General Nurture,2,3,2083.6400000000003,5,3,3,11,0.0,0.15333333333333335,2,1.0,1.0,6,1,0,3,medium
CUST01922,General Nurture,30,3,2918.16,4,3,4,11,0.0,0.09333333333333332,2,0.0,0.0,10,9,1,1,low
CUST01971,General Nurture,10,2,2559.3999999999996,5,3,3,11,0.5,0.28500000000000003,2,1.0,1.0,12,6,1,1,medium
CUST02020,General Nurture,30,3,2876.52,4,3,4,11,0.0,0.25,3,0.0,0.0,8,8,1,0,low
CUST02052,General Nurture,55,3,4211.0599999999995,3,3,5,11,0.0,0.13,1,0.0,0.0,2,12,1,0,medium
CUST02119,General Nurture,44,3,2881.38,4,3,4,11,0.0,0.2733333333333333,3,1.0,1.0,8,0,1,0,medium
CUST02240,General Nurture,19,1,2577.76,5,2,4,11,0.0,0.09,1,0.0,0.0,6,4,0,0,low
CUST02279,General Nurture,21,3,2624.92,4,3,4,11,0.0,0.06333333333333334,2,0.0,0.0,0,10,0,0,low
CUST02376,General Nurture,4,3,2320.3599999999997,5,3,3,11,0.0,0.24666666666666667,3,0.0,0.0,1,0,0,0,low
CUST02386,General Nurture,0,2,1758.17,5,3,3,11,0.0,0.145,2,0.0,0.0,7,0,2,1,low
CUST00008,General Nurture,47,4,2747.33,3,3,4,10,0.0,0.2225,4,0.0,0.0,2,16,0,0,medium
CUST00019,General Nurture,9,2,1598.93,5,2,3,10,0.0,0.105,1,0.0,0.0,5,0,1,1,low
CUST00026,General Nurture,72,3,3561.3900000000003,3,3,4,10,0.3333333333333333,0.16333333333333333,2,1.0,1.0,14,26,0,0,medium
CUST00032,General Nurture,33,3,1948.75,4,3,3,10,0.0,0.3666666666666667,3,0.0,0.0,12,13,1,0,low
CUST00036,General Nurture,27,4,1737.33,4,3,3,10,0.25,0.365,4,1.0,1.0,0,14,0,0,medium
CUST00052,General Nurture,55,3,2807.14,3,3,4,10,0.3333333333333333,0.21,2,0.0,0.0,7,8,1,0,medium
CUST00055,General Nurture,3,3,1308.35,5,3,2,10,0.0,0.24666666666666667,2,0.0,0.0,6,0,1,2,low
CUST00058,General Nurture,42,4,2451.54,4,3,3,10,0.0,0.23249999999999998,3,0.0,0.0,2,6,0,4,medium
CUST00119,General Nurture,69,3,2848.36,3,3,4,10,0.0,0.3466666666666667,1,1.0,1.0,12,1,1,0,medium
CUST00129,General Nurture,83,3,3369.08,3,3,4,10,0.3333333333333333,0.3133333333333333,2,1.0,0.0,7,2,2,0,high
CUST00147,General Nurture,84,3,2809.3199999999997,3,3,4,10,0.0,0.18333333333333335,2,0.0,0.0,1,29,0,0,high
CUST00215,General Nurture,34,3,1564.1,4,3,3,10,0.0,0.19666666666666666,2,0.0,0.0,8,15,0,2,low
CUST00231,General Nurture,23,3,1558.41,4,3,3,10,0.0,0.19333333333333333,1,0.0,0.0,6,0,1,0,low
CUST00295,General Nurture,16,2,2000.29,5,2,3,10,0.0,0.53,1,0.0,0.0,2,5,0,0,low
CUST00327,General Nurture,2,3,1087.67,5,3,2,10,0.0,0.3133333333333333,3,0.0,0.0,7,14,1,1,low
CUST00393,General Nurture,12,2,2231.04,5,2,3,10,0.0,0.19,2,1.0,0.0,5,18,1,1,medium
CUST00406,General Nurture,10,3,997.27,5,3,2,10,0.0,0.3433333333333333,1,1.0,0.0,10,5,0,0,medium
CUST00418,General Nurture,5,2,1919.75,5,2,3,10,0.0,0.13999999999999999,2,1.0,1.0,8,0,1,2,medium
CUST00430,General Nurture,22,3,2369.81,4,3,3,10,0.0,0.2833333333333333,3,0.0,0.0,0,0,0,0,low
CUST00474,General Nurture,22,3,1652.35,4,3,3,10,0.3333333333333333,0.24333333333333332,3,0.0,0.0,5,1,0,0,low
CUST00502,General Nurture,17,2,1615.2400000000002,5,2,3,10,0.0,0.475,2,0.0,0.0,13,0,1,0,low
CUST00515,General Nurture,6,2,1540.13,5,2,3,10,0.0,0.3,1,0.0,0.0,2,2,0,0,low
CUST00555,General Nurture,45,3,1924.03,4,3,3,10,0.0,0.20000000000000004,3,1.0,1.0,3,2,0,1,medium
CUST00608,General Nurture,27,3,2455.49,4,3,3,10,0.0,0.3233333333333333,2,1.0,1.0,7,5,1,0,medium
CUST00650,General Nurture,59,3,2622.0099999999998,3,3,4,10,0.0,0.36333333333333334,2,0.0,0.0,6,5,0,0,medium
CUST00669,General Nurture,57,3,2774.7599999999998,3,3,4,10,0.0,0.24333333333333332,3,0.0,0.0,1,0,0,0,medium
CUST00754,General Nurture,37,2,3639.05,4,2,4,10,0.0,0.13,2,0.0,0.0,18,4,1,1,medium
CUST00762,General Nurture,46,2,2784.5699999999997,4,2,4,10,0.5,0.24,2,0.0,0.0,8,25,0,0,medium
CUST00768,General Nurture,21,3,2361.23,4,3,3,10,0.0,0.21666666666666667,2,1.0,1.0,3,7,0,0,medium
CUST00801,General Nurture,76,3,3345.79,3,3,4,10,0.0,0.26,3,1.0,1.0,1,15,0,0,high
CUST00809,General Nurture,22,3,1886.26,4,3,3,10,0.3333333333333333,0.3133333333333333,2,1.0,1.0,12,1,1,4,medium
CUST00836,General Nurture,9,2,1640.21,5,2,3,10,0.0,0.29,2,0.0,0.0,7,0,2,0,low
CUST00850,General Nurture,7,2,2278.0299999999997,5,2,3,10,0.5,0.355,2,1.0,1.0,5,4,1,0,medium
CUST00889,General Nurture,44,3,2012.98,4,3,3,10,0.3333333333333333,0.3866666666666667,3,0.0,0.0,2,11,0,0,medium
CUST00908,General Nurture,27,2,2799.02,4,2,4,10,0.0,0.21,1,1.0,1.0,3,0,1,2,medium
CUST00919,General Nurture,10,2,1976.3400000000001,5,2,3,10,0.0,0.23,2,1.0,1.0,13,5,1,0,medium
CUST01000,General Nurture,52,3,2789.66,3,3,4,10,0.0,0.3066666666666667,3,0.0,0.0,3,19,0,0,medium
CUST01015,General Nurture,39,3,1760.74,4,3,3,10,0.0,0.09333333333333334,3,0.0,0.0,12,3,0,1,medium
CUST01050,General Nurture,5,2,1629.56,5,2,3,10,0.0,0.095,2,0.0,0.0,8,0,0,0,low
CUST01183,General Nurture,6,3,1498.98,5,3,2,10,0.3333333333333333,0.21,2,0.0,0.0,0,3,0,0,high
CUST01187,General Nurture,26,3,1729.96,4,3,3,10,0.0,0.39666666666666667,3,1.0,1.0,3,13,0,0,medium
CUST01371,General Nurture,8,2,2334.49,5,2,3,10,0.0,0.225,1,1.0,1.0,6,2,0,0,medium
CUST01419,General Nurture,41,3,2210.94,4,3,3,10,0.0,0.3066666666666667,2,0.0,0.0,1,11,0,0,high
CUST01431,General Nurture,12,2,2482.59,5,2,3,10,0.5,0.16999999999999998,2,1.0,1.0,6,5,1,1,medium
CUST01485,General Nurture,69,3,2973.96,3,3,4,10,0.3333333333333333,0.20000000000000004,3,0.0,0.0,6,17,1,1,medium
CUST01556,General Nurture,37,3,1996.78,4,3,3,10,0.0,0.2066666666666667,3,0.0,0.0,1,0,0,2,medium
CUST01625,General Nurture,10,3,1125.83,5,3,2,10,0.0,0.25666666666666665,2,1.0,0.0,7,3,1,1,medium
CUST01662,General Nurture,33,3,2215.29,4,3,3,10,0.0,0.27999999999999997,3,0.0,0.0,3,6,1,0,low
CUST01670,General Nurture,19,2,2472.29,5,2,3,10,0.0,0.26,1,1.0,1.0,15,5,1,0,medium
CUST01680,General Nurture,36,1,2660.5,4,2,4,10,0.0,0.09,1,0.0,0.0,12,0,0,0,medium
CUST01684,General Nurture,63,3,3554.1800000000003,3,3,4,10,0.0,0.17666666666666667,2,0.0,0.0,4,8,1,0,medium
CUST01697,General Nurture,62,3,2717.38,3,3,4,10,0.0,0.24,3,0.0,0.0,5,14,0,1,medium
CUST01705,General Nurture,29,3,1829.77,4,3,3,10,0.0,0.27666666666666667,3,1.0,1.0,21,0,1,2,medium
CUST01707,General Nurture,2,2,1446.76,5,3,2,10,0.0,0.355,2,0.0,0.0,5,0,0,0,low
CUST01708,General Nurture,5,3,1319.75,5,3,2,10,0.0,0.37333333333333335,2,0.0,0.0,7,0,1,0,low
CUST01724,General Nurture,39,2,1680.71,4,3,3,10,0.0,0.31,2,0.0,0.0,12,14,1,0,medium
CUST01728,General Nurture,10,2,1236.25,5,3,2,10,0.0,0.155,1,0.0,0.0,5,0,0,1,low
CUST01754,General Nurture,13,2,806.9000000000001,5,3,2,10,0.0,0.25,1,0.0,0.0,4,0,1,1,low
CUST01776,General Nurture,79,2,2686.35,3,3,4,10,0.0,0.28500000000000003,2,0.0,0.0,4,12,0,2,high
CUST01790,General Nurture,40,3,1750.7,4,3,3,10,0.0,0.35666666666666663,2,0.0,0.0,1,12,0,0,medium
CUST01807,General Nurture,74,3,3341.2,3,3,4,10,0.3333333333333333,0.29333333333333333,2,0.0,0.0,3,18,1,1,medium
CUST01827,General Nurture,5,2,1217.56,5,3,2,10,0.0,0.215,2,0.0,0.0,8,0,0,0,low
CUST01850,General Nurture,28,3,1714.05,4,3,3,10,0.0,0.2833333333333333,2,0.0,0.0,5,7,0,0,low
CUST01859,General Nurture,15,2,1262.4,5,3,2,10,0.0,0.22499999999999998,2,0.0,0.0,12,0,1,5,low
CUST01916,General Nurture,10,2,934.02,5,3,2,10,0.0,0.29000000000000004,1,0.0,0.0,3,0,1,1,low
CUST01930,General Nurture,19,2,1131.9099999999999,5,3,2,10,0.0,0.21,2,0.0,0.0,2,12,1,0,low
CUST01931,General Nurture,10,2,975.78,5,3,2,10,0.0,0.32,2,0.0,0.0,11,6,1,0,low
CUST01997,General Nurture,23,2,2544.7,4,3,3,10,0.0,0.28,2,0.0,0.0,9,4,1,2,low
CUST02037,General Nurture,1,2,1131.94,5,3,2,10,1.0,0.255,2,1.0,1.0,3,2,0,1,medium
CUST02064,General Nurture,69,3,2866.45,3,3,4,10,0.3333333333333333,0.3066666666666667,3,1.0,1.0,2,0,0,0,medium
CUST02083,General Nurture,28,2,1606.4,4,3,3,10,0.0,0.315,2,0.0,0.0,4,19,1,0,low
CUST02088,General Nurture,41,3,1761.31,4,3,3,10,0.0,0.22,3,1.0,1.0,1,11,0,0,medium
CUST02093,General Nurture,11,2,1202.49,5,3,2,10,0.0,0.335,2,0.0,0.0,8,0,0,0,low
CUST02137,General Nurture,47,3,3099.36,3,3,4,10,0.0,0.09999999999999999,3,0.0,0.0,5,7,0,3,medium
CUST02149,General Nurture,64,2,3065.5299999999997,3,3,4,10,0.0,0.245,1,0.0,0.0,8,7,1,1,medium
CUST02151,General Nurture,39,3,2519.29,4,3,3,10,0.0,0.32,3,1.0,1.0,9,10,1,1,medium
CUST02160,General Nurture,3,2,1098.67,5,3,2,10,0.0,0.215,1,1.0,1.0,2,0,0,0,medium
CUST02200,General Nurture,3,3,1089.4,5,3,2,10,0.0,0.4066666666666667,3,0.0,0.0,5,9,0,0,low
CUST02213,General Nurture,43,3,1948.1499999999999,4,3,3,10,0.3333333333333333,0.26666666666666666,3,1.0,1.0,2,9,0,1,medium
CUST02260,General Nurture,69,3,3309.0299999999997,3,3,4,10,0.0,0.24666666666666667,3,0.0,0.0,7,15,0,1,medium
CUST02264,General Nurture,45,3,2217.6800000000003,4,3,3,10,0.3333333333333333,0.18000000000000002,3,1.0,1.0,3,9,1,0,medium
CUST02294,General Nurture,19,2,785.8399999999999,5,3,2,10,0.5,0.33999999999999997,2,1.0,1.0,1,7,1,1,medium
CUST02323,General Nurture,84,2,3391.66,3,3,4,10,0.5,0.19,1,0.0,0.0,4,15,1,0,high
CUST02358,General Nurture,72,3,2849.58,3,3,4,10,0.0,0.2733333333333334,3,1.0,1.0,1,0,0,1,high
CUST02363,General Nurture,20,2,2190.38,4,3,3,10,0.5,0.18,2,0.0,0.0,5,8,1,0,low
CUST02370,General Nurture,21,3,1826.48,4,3,3,10,0.0,0.20666666666666667,2,0.0,0.0,4,0,1,0,low
CUST00011,General Nurture,1,2,925.0699999999999,5,2,2,9,0.0,0.15500000000000003,2,0.0,0.0,10,0,0,0,low
CUST00013,General Nurture,61,3,1754.44,3,3,3,9,0.0,0.23,2,0.0,0.0,4,21,0,0,medium
CUST00048,General Nurture,61,4,2450.45,3,3,3,9,0.25,0.3125,3,0.0,0.0,12,12,1,0,medium
CUST00065,General Nurture,6,1,1911.67,5,1,3,9,0.0,0.0,1,0.0,0.0,3,0,0,2,low
CUST00096,General Nurture,61,3,1563.75,3,3,3,9,0.3333333333333333,0.37666666666666665,3,0.0,0.0,12,15,1,0,medium
CUST00113,General Nurture,28,2,1601.31,4,2,3,9,0.0,0.385,2,0.0,0.0,17,2,0,0,low
CUST00121,General Nurture,27,2,2496.0299999999997,4,2,3,9,0.0,0.19,1,0.0,0.0,5,2,1,1,low
CUST00192,General Nurture,55,3,2263.95,3,3,3,9,0.0,0.28,3,0.0,0.0,8,30,1,1,medium
CUST00226,General Nurture,54,3,2345.42,3,3,3,9,0.3333333333333333,0.15666666666666668,1,1.0,1.0,6,34,1,0,medium
CUST00246,General Nurture,52,3,1985.72,3,3,3,9,0.0,0.25,3,1.0,1.0,6,13,1,1,medium
CUST00262,General Nurture,9,2,1318.44,5,2,2,9,0.0,0.12,2,0.0,0.0,5,9,0,0,low
CUST00334,General Nurture,85,3,2170.31,3,3,3,9,0.3333333333333333,0.35666666666666663,1,1.0,1.0,2,29,0,0,high
CUST00369,General Nurture,71,3,2263.62,3,3,3,9,0.0,0.25333333333333335,3,0.0,0.0,7,0,0,1,medium
CUST00395,General Nurture,35,3,1418.71,4,3,2,9,0.0,0.31666666666666665,3,0.0,0.0,12,13,1,0,low
CUST00407,General Nurture,18,1,1569.01,5,1,3,9,0.0,0.36,1,0.0,0.0,0,11,0,0,high
CUST00458,General Nurture,4,2,1371.81,5,2,2,9,0.0,0.4,2,0.0,0.0,4,15,0,0,low
CUST00467,General Nurture,3,2,1180.98,5,2,2,9,0.0,0.295,2,0.0,0.0,7,0,2,1,low
CUST00495,General Nurture,45,2,2001.5900000000001,4,2,3,9,0.0,0.32,1,0.0,0.0,4,0,0,0,medium
CUST00530,General Nurture,57,3,2183.4300000000003,3,3,3,9,0.0,0.22,2,0.0,0.0,2,13,0,0,medium
CUST00559,General Nurture,1,2,1344.49,5,2,2,9,0.0,0.26,2,0.0,0.0,2,0,0,1,low
CUST00598,General Nurture,7,2,1082.0300000000002,5,2,2,9,0.0,0.275,2,0.0,0.0,20,13,1,3,low
CUST00653,General Nurture,32,2,2037.83,4,2,3,9,0.0,0.235,2,0.0,0.0,19,11,0,0,low
CUST00657,General Nurture,63,4,1287.49,3,4,2,9,0.25,0.325,3,1.0,1.0,5,8,1,1,medium
CUST00724,General Nurture,8,2,1014.94,5,2,2,9,0.0,0.12,2,0.0,0.0,8,0,1,2,low
CUST00733,General Nurture,66,3,1661.19,3,3,3,9,0.0,0.19666666666666668,2,0.0,0.0,5,8,0,0,medium
CUST00736,General Nurture,66,3,1727.68,3,3,3,9,0.0,0.35333333333333333,3,0.0,0.0,3,15,0,0,medium
CUST00759,General Nurture,38,2,1562.24,4,2,3,9,0.0,0.26,2,0.0,0.0,4,21,0,0,medium
CUST00773,General Nurture,71,3,2278.26,3,3,3,9,0.0,0.25666666666666665,3,0.0,0.0,4,3,0,0,medium
CUST00789,General Nurture,55,3,1689.1100000000001,3,3,3,9,0.0,0.2866666666666667,2,0.0,0.0,1,0,0,0,high
CUST00816,General Nurture,59,2,2688.92,3,2,4,9,0.0,0.3,2,1.0,1.0,7,15,1,1,medium
CUST00851,General Nurture,0,2,1188.6200000000001,5,2,2,9,0.5,0.275,2,0.0,0.0,8,0,1,0,low
CUST00877,General Nurture,63,3,1904.33,3,3,3,9,0.0,0.18333333333333335,1,0.0,0.0,7,24,0,0,medium
CUST00894,General Nurture,25,2,1903.85,4,2,3,9,0.0,0.31,2,1.0,1.0,2,9,1,0,medium
CUST00936,General Nurture,35,2,2188.31,4,2,3,9,0.0,0.18,2,1.0,1.0,3,3,1,1,medium
CUST00957,General Nurture,37,3,1481.5,4,3,2,9,0.3333333333333333,0.26,3,0.0,0.0,5,6,1,0,medium
CUST01016,General Nurture,0,2,879.1499999999999,5,2,2,9,0.0,0.245,2,0.0,0.0,6,1,1,0,low
CUST01120,General Nurture,61,3,2357.69,3,3,3,9,0.3333333333333333,0.18333333333333335,2,0.0,0.0,7,22,0,2,medium
CUST01177,General Nurture,56,3,2144.58,3,3,3,9,0.0,0.27666666666666667,3,0.0,0.0,0,8,0,0,medium
CUST01264,General Nurture,51,2,2890.16,3,2,4,9,0.0,0.28,2,0.0,0.0,6,16,0,1,medium
CUST01292,General Nurture,41,2,2412.52,4,2,3,9,0.0,0.155,1,0.0,0.0,3,24,0,0,medium
CUST01336,General Nurture,1,2,910.6700000000001,5,2,2,9,0.0,0.22999999999999998,2,0.0,0.0,0,0,0,0,low
CUST01342,General Nurture,84,3,2125.98,3,3,3,9,0.0,0.2966666666666667,3,0.0,0.0,10,23,1,0,high
CUST01375,General Nurture,64,3,2044.1399999999999,3,3,3,9,0.0,0.21,2,0.0,0.0,4,27,1,3,medium
CUST01388,General Nurture,70,2,3498.38,3,2,4,9,0.0,0.305,2,0.0,0.0,1,11,0,0,high
CUST01449,General Nurture,3,2,874.09,5,2,2,9,0.0,0.315,2,1.0,1.0,5,0,1,2,medium
CUST01454,General Nurture,70,3,2311.4700000000003,3,3,3,9,0.0,0.31666666666666665,3,0.0,0.0,2,13,0,2,medium
CUST01493,General Nurture,10,2,807.4499999999999,5,2,2,9,0.0,0.26,2,0.0,0.0,0,16,0,0,low
CUST01521,General Nurture,10,2,1070.1399999999999,5,2,2,9,0.0,0.2,2,0.0,0.0,2,0,0,0,low
CUST01524,General Nurture,19,1,2078.4,5,1,3,9,0.0,0.0,1,1.0,1.0,5,0,1,1,medium
CUST01595,General Nurture,59,3,1640.96,3,3,3,9,0.0,0.29,2,0.0,0.0,8,11,1,1,medium
CUST01599,General Nurture,82,3,1748.0800000000002,3,3,3,9,0.0,0.18333333333333335,3,0.0,0.0,3,35,0,2,high
CUST01753,General Nurture,43,2,912.8100000000001,4,3,2,9,0.0,0.21000000000000002,1,0.0,0.0,4,6,1,0,medium
CUST01764,General Nurture,45,3,1471.8400000000001,4,3,2,9,0.0,0.33666666666666667,3,1.0,1.0,5,3,0,0,medium
CUST01785,General Nurture,14,1,982.58,5,2,2,9,0.0,0.46,1,0.0,0.0,1,6,0,0,high
CUST01819,General Nurture,82,2,1750.5700000000002,3,3,3,9,0.5,0.145,2,1.0,0.0,2,19,0,0,high
CUST01822,General Nurture,50,2,2116.75,3,3,3,9,0.0,0.255,2,1.0,0.0,1,11,1,0,medium
CUST01847,General Nurture,16,1,1293.93,5,2,2,9,0.0,0.15,1,0.0,0.0,2,1,0,0,low
CUST01865,General Nurture,60,3,1867.7600000000002,3,3,3,9,0.0,0.18333333333333335,3,1.0,0.0,4,13,1,1,medium
CUST01889,General Nurture,71,2,1553.42,3,3,3,9,0.0,0.315,1,0.0,0.0,5,20,1,0,medium
CUST01893,General Nurture,50,3,2530.01,3,3,3,9,0.0,0.27666666666666667,2,0.0,0.0,2,4,0,1,medium
CUST01964,General Nurture,15,1,848.15,5,2,2,9,0.0,0.43,1,0.0,0.0,4,0,0,0,low
CUST01969,General Nurture,80,2,1641.0,3,3,3,9,0.0,0.27,2,1.0,0.0,3,23,0,0,high
CUST01977,General Nurture,68,2,1844.12,3,3,3,9,0.0,0.28,2,1.0,1.0,8,8,1,0,medium
CUST02004,General Nurture,1,1,1164.15,5,2,2,9,0.0,0.14,1,0.0,0.0,6,6,1,1,low
CUST02017,General Nurture,77,2,1871.94,3,3,3,9,0.0,0.31,2,0.0,0.0,12,20,1,2,high
CUST02058,General Nurture,12,1,1013.35,5,2,2,9,0.0,0.31,1,0.0,0.0,0,0,0,1,high
CUST02059,General Nurture,53,3,2449.99,3,3,3,9,0.0,0.3133333333333333,3,1.0,1.0,2,7,0,1,medium
CUST02103,General Nurture,44,2,1052.31,4,3,2,9,0.0,0.4,2,1.0,0.0,0,0,0,0,medium
CUST02110,General Nurture,26,2,1374.8200000000002,4,3,2,9,0.0,0.20500000000000002,2,0.0,0.0,1,13,0,0,low
CUST02181,General Nurture,11,1,908.67,5,2,2,9,0.0,0.08,1,0.0,0.0,5,11,2,0,low
CUST02285,General Nurture,19,1,903.8,5,2,2,9,0.0,0.27,1,1.0,1.0,0,31,0,1,high
CUST02306,General Nurture,74,2,2087.3199999999997,3,3,3,9,0.0,0.155,2,1.0,0.0,5,9,1,0,medium
CUST02307,General Nurture,24,2,1057.9,4,3,2,9,0.0,0.185,2,0.0,0.0,4,13,1,0,low
CUST02326,General Nurture,14,1,831.86,5,2,2,9,0.0,0.2,1,0.0,0.0,4,0,1,3,low
CUST02342,General Nurture,57,2,1718.3899999999999,3,3,3,9,0.0,0.24,2,1.0,1.0,5,0,1,0,medium
CUST02349,General Nurture,54,3,1811.6,3,3,3,9,0.0,0.22,2,0.0,0.0,9,8,1,1,medium
CUST02356,General Nurture,34,2,1160.46,4,3,2,9,0.0,0.225,1,0.0,0.0,13,0,1,1,low
CUST02384,General Nurture,68,3,2259.81,3,3,3,9,0.3333333333333333,0.30666666666666664,2,1.0,1.0,7,28,1,0,medium
CUST00012,General Nurture,50,2,2051.63,3,2,3,8,0.0,0.29500000000000004,1,0.0,0.0,3,5,0,0,medium
CUST00069,General Nurture,29,2,874.47,4,2,2,8,0.0,0.225,2,0.0,0.0,9,0,0,1,low
CUST00071,General Nurture,32,1,2062.5,4,1,3,8,0.0,0.08,1,1.0,1.0,1,12,0,2,high
CUST00105,General Nurture,46,1,2052.43,4,1,3,8,0.0,0.18,1,0.0,0.0,1,3,0,0,high
CUST00153,General Nurture,3,1,977.12,5,1,2,8,0.0,0.37,1,0.0,0.0,6,0,1,0,low
CUST00165,General Nurture,103,3,1825.77,2,3,3,8,0.0,0.31,1,0.0,0.0,2,15,0,0,high
CUST00166,General Nurture,15,1,1269.41,5,1,2,8,0.0,0.37,1,1.0,0.0,1,7,0,0,high
CUST00181,General Nurture,6,1,1107.73,5,1,2,8,0.0,0.0,1,0.0,0.0,7,0,1,1,low
CUST00196,General Nurture,24,2,1272.38,4,2,2,8,0.0,0.28,2,1.0,1.0,1,12,0,0,medium
CUST00217,General Nurture,79,3,1179.94,3,3,2,8,0.0,0.35333333333333333,2,0.0,0.0,2,13,0,0,high
CUST00218,General Nurture,23,2,1492.68,4,2,2,8,0.0,0.13,1,0.0,0.0,1,5,0,0,high
CUST00238,General Nurture,78,2,2181.78,3,2,3,8,0.0,0.185,1,1.0,0.0,1,8,0,0,high
CUST00240,General Nurture,56,2,2277.31,3,2,3,8,0.0,0.18,2,1.0,1.0,4,16,0,0,medium
CUST00281,General Nurture,35,2,1161.06,4,2,2,8,0.0,0.335,2,0.0,0.0,3,9,0,0,low
CUST00326,General Nurture,124,3,1868.65,2,3,3,8,0.0,0.23666666666666666,3,0.0,0.0,7,26,1,3,high
CUST00330,General Nurture,74,3,1307.8000000000002,3,3,2,8,0.0,0.33,2,1.0,0.0,1,12,0,0,medium
CUST00338,General Nurture,12,1,887.38,5,1,2,8,1.0,0.27,1,1.0,1.0,6,8,0,0,medium
CUST00416,General Nurture,28,2,1020.28,4,2,2,8,0.0,0.28500000000000003,2,1.0,0.0,4,11,1,0,medium
CUST00423,General Nurture,135,3,2349.76,2,3,3,8,0.0,0.21666666666666667,2,0.0,0.0,1,39,0,0,high
CUST00439,General Nurture,119,3,1981.34,2,3,3,8,0.3333333333333333,0.33666666666666667,2,0.0,0.0,7,18,1,0,high
CUST00496,General Nurture,35,1,1586.18,4,1,3,8,0.0,0.43,1,0.0,0.0,4,10,0,0,low
CUST00498,General Nurture,24,2,970.31,4,2,2,8,0.0,0.14500000000000002,2,0.0,0.0,3,0,0,0,low
CUST00526,General Nurture,2,1,1131.41,5,1,2,8,0.0,0.38,1,0.0,0.0,6,0,1,0,low
CUST00576,General Nurture,46,2,799.27,4,2,2,8,0.0,0.33499999999999996,2,0.0,0.0,15,27,1,1,medium
CUST00592,General Nurture,20,2,1084.48,4,2,2,8,0.0,0.41500000000000004,2,0.0,0.0,3,1,1,0,low
CUST00612,General Nurture,48,2,2120.98,3,2,3,8,0.0,0.35,2,0.0,0.0,9,1,1,0,medium
CUST00633,General Nurture,33,1,1619.36,4,1,3,8,0.0,0.17,1,0.0,0.0,4,0,0,1,low
CUST00636,General Nurture,72,2,2158.95,3,2,3,8,0.0,0.195,2,0.0,0.0,1,24,0,0,medium
CUST00668,General Nurture,42,2,952.4100000000001,4,2,2,8,0.0,0.16,2,0.0,0.0,3,10,1,0,medium
CUST00682,General Nurture,19,1,1238.23,5,1,2,8,0.0,0.17,1,1.0,1.0,6,7,0,1,medium
CUST00705,General Nurture,12,1,872.61,5,1,2,8,1.0,0.0,1,1.0,1.0,1,5,0,0,high
CUST00717,General Nurture,0,1,884.85,5,1,2,8,0.0,0.31,1,0.0,0.0,6,7,1,0,low
CUST00725,General Nurture,141,3,2162.5,2,3,3,8,0.0,0.37333333333333335,3,0.0,0.0,0,37,0,0,high
CUST00804,General Nurture,14,1,969.91,5,1,2,8,0.0,0.22,1,0.0,0.0,7,7,1,1,low
CUST00852,General Nurture,66,3,1379.6599999999999,3,3,2,8,0.0,0.32,2,0.0,0.0,1,15,0,1,medium
CUST00858,General Nurture,90,3,2363.5299999999997,2,3,3,8,0.0,0.21333333333333335,3,0.0,0.0,1,13,0,0,high
CUST00872,General Nurture,125,3,1959.48,2,3,3,8,0.0,0.26666666666666666,3,0.0,0.0,6,24,2,2,high
CUST00902,General Nurture,6,1,1318.64,5,1,2,8,0.0,0.29,1,0.0,0.0,5,0,1,1,low
CUST00906,General Nurture,38,2,1449.41,4,2,2,8,0.0,0.395,2,0.0,0.0,3,12,0,0,medium
CUST00922,General Nurture,11,1,1131.6,5,1,2,8,0.0,0.19,1,0.0,0.0,9,2,0,3,low
CUST00945,General Nurture,4,1,1143.18,5,1,2,8,0.0,0.14,1,0.0,0.0,5,0,0,0,low
CUST00966,General Nurture,40,1,2196.79,4,1,3,8,0.0,0.3,1,1.0,0.0,4,19,1,2,medium
CUST00984,General Nurture,44,2,1055.25,4,2,2,8,0.0,0.22999999999999998,1,0.0,0.0,3,3,0,0,medium
CUST01039,General Nurture,129,3,1893.67,2,3,3,8,0.3333333333333333,0.25666666666666665,2,0.0,0.0,12,26,1,1,high
CUST01057,General Nurture,2,1,916.36,5,1,2,8,0.0,0.18,1,1.0,1.0,3,10,0,2,medium
CUST01060,General Nurture,52,2,1762.54,3,2,3,8,0.0,0.265,2,1.0,0.0,2,10,0,0,medium
CUST01066,General Nurture,11,1,816.92,5,1,2,8,0.0,0.23,1,0.0,0.0,2,3,1,2,low
CUST01067,General Nurture,25,2,1043.57,4,2,2,8,0.0,0.28,2,0.0,0.0,3,6,1,0,low
CUST01087,General Nurture,2,1,839.43,5,1,2,8,1.0,0.3,1,1.0,1.0,2,0,0,1,medium
CUST01095,General Nurture,41,2,1152.1100000000001,4,2,2,8,0.0,0.325,2,0.0,0.0,2,16,0,1,medium
CUST01105,General Nurture,84,3,1353.63,3,3,2,8,0.0,0.21,3,0.0,0.0,6,17,0,1,high
CUST01122,General Nurture,6,1,1209.05,5,1,2,8,0.0,0.23,1,0.0,0.0,7,16,0,0,low
CUST01139,General Nurture,21,1,2270.63,4,1,3,8,0.0,0.28,1,0.0,0.0,4,0,0,0,low
CUST01142,General Nurture,40,2,1015.4200000000001,4,2,2,8,0.0,0.26,2,0.0,0.0,19,6,1,1,medium
CUST01174,General Nurture,89,3,1722.3700000000001,2,3,3,8,0.0,0.25,1,0.0,0.0,10,10,1,1,high
CUST01178,General Nurture,67,3,1298.14,3,3,2,8,0.0,0.32,2,0.0,0.0,10,23,1,1,medium
CUST01194,General Nurture,85,3,1852.1599999999999,2,3,3,8,0.3333333333333333,0.33,3,1.0,1.0,2,34,0,1,high
CUST01222,General Nurture,18,1,1199.39,5,1,2,8,0.0,0.04,1,0.0,0.0,0,14,0,1,high
CUST01254,General Nurture,76,2,2465.71,3,2,3,8,0.0,0.44499999999999995,1,1.0,1.0,3,4,0,0,high
CUST01260,General Nurture,9,1,913.67,5,1,2,8,0.0,0.02,1,0.0,0.0,4,8,1,0,low
CUST01272,General Nurture,44,1,1860.0,4,1,3,8,0.0,0.27,1,0.0,0.0,1,8,0,0,high
CUST01303,General Nurture,20,2,1442.63,4,2,2,8,0.0,0.28,1,1.0,1.0,3,0,0,0,medium
CUST01308,General Nurture,119,3,2085.04,2,3,3,8,0.0,0.24666666666666667,2,0.0,0.0,5,33,1,1,high
CUST01328,General Nurture,54,2,2001.3,3,2,3,8,0.0,0.235,1,0.0,0.0,5,13,0,0,medium
CUST01329,General Nurture,61,3,1252.03,3,3,2,8,0.3333333333333333,0.2866666666666667,3,0.0,0.0,5,9,1,0,medium
CUST01345,General Nurture,38,1,2465.11,4,1,3,8,0.0,0.26,1,0.0,0.0,7,3,3,0,medium
CUST01349,General Nurture,83,2,2446.67,3,2,3,8,0.0,0.20500000000000002,2,0.0,0.0,0,22,0,2,high
CUST01356,General Nurture,42,2,1149.21,4,2,2,8,0.0,0.265,2,1.0,1.0,0,17,0,0,high
CUST01361,General Nurture,5,1,805.77,5,1,2,8,0.0,0.21,1,0.0,0.0,6,0,1,0,low
CUST01392,General Nurture,16,1,1415.53,5,1,2,8,0.0,0.25,1,0.0,0.0,2,3,1,1,low
CUST01401,General Nurture,75,2,1991.48,3,2,3,8,0.0,0.19,2,0.0,0.0,3,23,0,0,medium
CUST01405,General Nurture,140,3,2413.52,2,3,3,8,0.0,0.3133333333333333,2,0.0,0.0,2,20,0,0,high
CUST01407,General Nurture,139,3,1992.79,2,3,3,8,0.0,0.18333333333333335,2,0.0,0.0,3,17,0,0,high
CUST01423,General Nurture,41,2,840.3499999999999,4,2,2,8,0.0,0.29000000000000004,1,0.0,0.0,5,11,1,0,medium
CUST01456,General Nurture,17,1,1158.71,5,1,2,8,0.0,0.2,1,1.0,0.0,7,0,3,0,medium
CUST01461,General Nurture,107,3,1996.1999999999998,2,3,3,8,0.0,0.24,3,0.0,0.0,3,35,1,0,high
CUST01476,General Nurture,127,3,1923.93,2,3,3,8,0.0,0.2066666666666667,3,0.0,0.0,0,29,0,0,high
CUST01484,General Nurture,111,3,1606.77,2,3,3,8,0.0,0.27,3,0.0,0.0,1,15,0,0,high
CUST01514,General Nurture,82,3,1466.5,3,3,2,8,0.0,0.2333333333333333,2,0.0,0.0,5,23,1,3,high
CUST01536,General Nurture,7,1,1059.82,5,1,2,8,0.0,0.3,1,1.0,1.0,2,0,0,0,medium
CUST01563,General Nurture,20,2,1279.74,4,2,2,8,0.5,0.07,1,1.0,1.0,0,0,0,0,medium
CUST01576,General Nurture,82,2,2235.15,3,2,3,8,0.5,0.275,2,1.0,1.0,10,23,1,0,high
CUST01578,General Nurture,10,1,1222.13,5,1,2,8,0.0,0.12,1,0.0,0.0,4,0,0,3,low
CUST01598,General Nurture,68,3,1366.15,3,3,2,8,0.0,0.26,3,0.0,0.0,4,0,0,2,medium
CUST01632,General Nurture,6,1,1472.62,5,1,2,8,0.0,0.33,1,0.0,0.0,4,11,1,0,low
CUST01633,General Nurture,55,3,1093.75,3,3,2,8,0.0,0.3333333333333333,2,1.0,1.0,3,19,0,1,medium
CUST01651,General Nurture,87,3,2543.79,2,3,3,8,0.0,0.26333333333333336,2,1.0,0.0,0,0,0,1,high
CUST01653,General Nurture,87,3,2168.75,2,3,3,8,0.0,0.23333333333333336,1,1.0,1.0,0,5,0,0,high
CUST01712,General Nurture,25,1,828.82,4,2,2,8,0.0,0.32,1,1.0,0.0,9,23,0,0,medium
CUST01735,General Nurture,61,2,1287.08,3,3,2,8,0.5,0.215,2,0.0,0.0,6,4,1,1,medium
CUST01747,General Nurture,24,1,1498.03,4,2,2,8,0.0,0.3,1,0.0,0.0,7,5,1,1,low
CUST01763,General Nurture,8,1,705.53,5,2,1,8,1.0,0.0,1,1.0,1.0,3,0,1,0,medium
CUST01767,General Nurture,145,3,1605.14,2,3,3,8,0.0,0.31,2,0.0,0.0,5,33,0,0,high
CUST01775,General Nurture,49,2,1120.32,3,3,2,8,0.0,0.045,2,1.0,1.0,6,14,1,0,medium
CUST01787,General Nurture,75,1,1770.53,3,2,3,8,0.0,0.19,1,0.0,0.0,6,16,1,1,medium
CUST01803,General Nurture,104,3,2088.76,2,3,3,8,0.0,0.3566666666666667,3,0.0,0.0,1,15,0,0,high
CUST01815,General Nurture,4,1,762.94,5,2,1,8,0.0,0.27,1,0.0,0.0,4,8,1,0,low
CUST01828,General Nurture,122,3,1876.83,2,3,3,8,0.0,0.2866666666666667,3,0.0,0.0,5,16,0,3,high
CUST01838,General Nurture,64,2,775.96,3,3,2,8,0.0,0.28500000000000003,2,0.0,0.0,7,16,1,0,medium
CUST01867,General Nurture,11,1,663.94,5,2,1,8,0.0,0.19,1,0.0,0.0,2,0,1,0,low
CUST01886,General Nurture,78,2,948.26,3,3,2,8,0.0,0.2,2,0.0,0.0,6,23,0,0,high
CUST01909,General Nurture,37,1,825.7,4,2,2,8,0.0,0.07,1,0.0,0.0,13,5,1,0,medium
CUST01959,General Nurture,9,1,676.52,5,2,1,8,0.0,0.24,1,0.0,0.0,4,2,0,0,low
CUST01960,General Nurture,25,1,1173.93,4,2,2,8,0.0,0.13,1,0.0,0.0,4,3,1,0,low
CUST01983,General Nurture,67,3,1024.8700000000001,3,3,2,8,0.0,0.26666666666666666,2,0.0,0.0,13,13,1,1,medium
CUST01989,General Nurture,70,3,1255.63,3,3,2,8,0.0,0.4000000000000001,2,0.0,0.0,0,10,0,0,high
CUST02001,General Nurture,5,1,519.52,5,2,1,8,0.0,0.23,1,0.0,0.0,12,2,1,1,low
CUST02012,General Nurture,4,1,397.31,5,2,1,8,0.0,0.37,1,1.0,1.0,7,2,0,0,medium
CUST02013,General Nurture,19,1,496.68,5,2,1,8,0.0,0.23,1,0.0,0.0,7,18,1,1,low
CUST02023,General Nurture,44,1,888.97,4,2,2,8,0.0,0.3,1,0.0,0.0,7,10,1,0,medium
CUST02029,General Nurture,80,3,1502.72,3,3,2,8,0.0,0.31,3,1.0,0.0,0,9,0,2,high
CUST02034,General Nurture,13,1,568.26,5,2,1,8,0.0,0.3,1,0.0,0.0,9,4,1,0,low
CUST02035,General Nurture,93,3,2201.39,2,3,3,8,0.0,0.22,2,0.0,0.0,0,23,0,1,high
CUST02053,General Nurture,61,2,1075.67,3,3,2,8,0.0,0.375,2,0.0,0.0,0,0,0,0,medium
CUST02085,General Nurture,3,1,682.7,5,2,1,8,0.0,0.28,1,0.0,0.0,1,0,0,0,high
CUST02087,General Nurture,14,1,479.82,5,2,1,8,0.0,0.37,1,0.0,0.0,3,0,0,0,low
CUST02090,General Nurture,80,2,852.76,3,3,2,8,0.5,0.33499999999999996,1,1.0,1.0,1,6,0,0,high
CUST02104,General Nurture,4,1,679.74,5,2,1,8,0.0,0.49,1,0.0,0.0,7,0,0,0,low
CUST02128,General Nurture,41,1,1406.44,4,2,2,8,0.0,0.11,1,0.0,0.0,11,3,1,0,medium
CUST02130,General Nurture,84,3,1356.56,3,3,2,8,0.0,0.3433333333333333,2,1.0,1.0,4,9,1,0,high
CUST02163,General Nurture,123,3,2010.3600000000001,2,3,3,8,0.3333333333333333,0.33666666666666667,2,0.0,0.0,1,46,0,0,high
CUST02165,General Nurture,39,2,667.69,4,3,1,8,0.0,0.185,1,0.0,0.0,3,0,0,0,medium
CUST02166,General Nurture,20,1,1010.89,4,2,2,8,0.0,0.09,1,1.0,0.0,1,5,0,0,high
CUST02179,General Nurture,14,1,475.85,5,2,1,8,0.0,0.17,1,1.0,0.0,9,0,1,0,medium
CUST02231,General Nurture,68,3,1511.08,3,3,2,8,0.0,0.36999999999999994,3,0.0,0.0,10,14,1,0,medium
CUST02232,General Nurture,0,1,327.98,5,2,1,8,0.0,0.22,1,0.0,0.0,5,2,1,0,low
CUST02242,General Nurture,130,3,2407.42,2,3,3,8,0.3333333333333333,0.25,3,0.0,0.0,1,29,0,0,high
CUST02262,General Nurture,97,3,2320.9,2,3,3,8,0.0,0.2966666666666667,2,0.0,0.0,0,30,0,0,high
CUST02271,General Nurture,119,2,1585.3500000000001,2,3,3,8,0.0,0.24000000000000002,2,0.0,0.0,4,27,1,2,high
CUST02281,General Nurture,120,2,1698.6799999999998,2,3,3,8,0.0,0.24,1,0.0,0.0,8,28,1,0,high
CUST02282,General Nurture,7,1,300.59,5,2,1,8,0.0,0.29,1,1.0,1.0,1,10,0,0,high
CUST02302,General Nurture,79,3,1243.3400000000001,3,3,2,8,0.0,0.30333333333333334,3,0.0,0.0,8,28,1,0,high
CUST02308,General Nurture,116,3,2021.26,2,3,3,8,0.0,0.37333333333333335,2,0.0,0.0,0,22,0,0,high
CUST02316,General Nurture,17,1,552.35,5,2,1,8,0.0,0.44,1,0.0,0.0,7,8,1,0,low
CUST02328,General Nurture,13,1,639.75,5,2,1,8,0.0,0.34,1,0.0,0.0,1,0,0,0,high
CUST02333,General Nurture,0,1,648.38,5,2,1,8,0.0,0.29,1,0.0,0.0,3,7,1,3,low
CUST02343,General Nurture,24,1,1077.84,4,2,2,8,0.0,0.13,1,0.0,0.0,7,0,1,2,low
CUST02344,General Nurture,19,1,536.58,5,2,1,8,0.0,0.33,1,0.0,0.0,2,18,0,2,low
CUST02385,General Nurture,27,1,873.79,4,2,2,8,0.0,0.32,1,0.0,0.0,1,5,0,2,high
CUST00017,General Nurture,286,3,1699.1399999999999,1,3,3,7,0.0,0.26666666666666666,3,0.0,0.0,4,47,0,4,high
CUST00027,General Nurture,70,1,2128.34,3,1,3,7,1.0,0.3,1,1.0,1.0,11,18,1,2,medium
CUST00028,General Nurture,83,2,1489.7800000000002,3,2,2,7,0.0,0.19,2,0.0,0.0,1,19,0,0,high
CUST00035,General Nurture,127,3,1369.71,2,3,2,7,0.0,0.24333333333333332,3,0.0,0.0,6,25,1,0,high
CUST00054,General Nurture,6,1,489.85,5,1,1,7,0.0,0.25,1,0.0,0.0,3,0,0,0,low
CUST00057,General Nurture,136,2,2510.83,2,2,3,7,0.0,0.245,2,0.0,0.0,7,29,0,1,high
CUST00067,General Nurture,63,2,1246.44,3,2,2,7,0.5,0.19999999999999998,2,1.0,1.0,1,5,0,2,medium
CUST00068,General Nurture,346,3,2123.66,1,3,3,7,0.3333333333333333,0.24333333333333332,3,0.0,0.0,5,60,0,1,high
CUST00082,General Nurture,254,3,1671.25,1,3,3,7,0.0,0.17,2,0.0,0.0,7,44,1,3,high
CUST00087,General Nurture,44,1,933.58,4,1,2,7,0.0,0.38,1,0.0,0.0,1,15,0,0,high
CUST00103,General Nurture,21,1,1469.96,4,1,2,7,0.0,0.08,1,0.0,0.0,6,0,1,1,low
CUST00108,General Nurture,44,1,1074.5,4,1,2,7,1.0,0.22,1,1.0,1.0,5,11,0,0,medium
CUST00127,General Nurture,24,2,729.55,4,2,1,7,0.0,0.29500000000000004,1,0.0,0.0,3,15,0,0,low
CUST00177,General Nurture,82,2,1003.66,3,2,2,7,0.0,0.45999999999999996,1,0.0,0.0,12,28,0,0,high
CUST00180,General Nurture,96,2,1570.85,2,2,3,7,0.5,0.26,1,0.0,0.0,9,18,1,0,high
CUST00190,General Nurture,6,1,482.88,5,1,1,7,0.0,0.13,1,1.0,1.0,6,5,1,0,medium
CUST00212,General Nurture,204,3,2071.6800000000003,1,3,3,7,0.0,0.32666666666666666,3,0.0,0.0,3,45,0,1,high
CUST00213,General Nurture,86,2,1680.61,2,2,3,7,1.0,0.2,2,1.0,1.0,2,15,0,0,high
CUST00224,General Nurture,89,2,1839.95,2,2,3,7,0.5,0.32,2,0.0,0.0,1,13,0,1,high
CUST00233,General Nurture,361,3,1626.9899999999998,1,3,3,7,0.0,0.2866666666666667,3,0.0,0.0,5,60,0,1,high
CUST00244,General Nurture,144,2,2449.86,2,2,3,7,0.0,0.22499999999999998,1,0.0,0.0,1,23,1,0,high
CUST00250,General Nurture,35,1,837.19,4,1,2,7,0.0,0.3,1,0.0,0.0,6,2,0,0,low
CUST00253,General Nurture,191,3,1901.1299999999999,1,3,3,7,0.0,0.19999999999999998,3,0.0,0.0,3,34,0,1,high
CUST00257,General Nurture,55,2,1042.47,3,2,2,7,0.0,0.3,2,0.0,0.0,7,19,1,0,medium
CUST00264,General Nurture,31,2,671.0999999999999,4,2,1,7,0.0,0.31,2,1.0,1.0,7,0,1,1,medium
CUST00290,General Nurture,9,1,251.16,5,1,1,7,0.0,0.34,1,1.0,1.0,6,1,1,0,medium
CUST00293,General Nurture,230,3,1699.71,1,3,3,7,0.0,0.3233333333333333,3,0.0,0.0,3,59,1,0,high
CUST00308,General Nurture,66,2,1535.15,3,2,2,7,0.0,0.26,1,0.0,0.0,7,27,0,1,medium
CUST00314,General Nurture,16,1,560.98,5,1,1,7,0.0,0.29,1,0.0,0.0,0,14,0,0,high
CUST00329,General Nurture,1,1,299.28,5,1,1,7,0.0,0.06,1,0.0,0.0,1,0,0,0,high
CUST00364,General Nurture,359,3,2049.88,1,3,3,7,0.0,0.24666666666666667,3,0.0,0.0,0,60,0,0,high
CUST00379,General Nurture,75,2,1029.97,3,2,2,7,0.0,0.16,2,0.0,0.0,2,4,1,0,medium
CUST00382,General Nurture,45,2,766.55,4,2,1,7,0.0,0.105,2,0.0,0.0,6,7,1,0,medium
CUST00394,General Nurture,1,1,404.19,5,1,1,7,0.0,0.21,1,1.0,1.0,12,4,0,0,medium
CUST00414,General Nurture,3,1,311.44,5,1,1,7,1.0,0.32,1,1.0,1.0,5,0,2,1,medium
CUST00415,General Nurture,120,2,2282.07,2,2,3,7,0.0,0.255,2,0.0,0.0,1,11,0,2,high
CUST00426,General Nurture,77,2,1478.25,3,2,2,7,0.0,0.175,2,0.0,0.0,8,18,1,0,high
CUST00429,General Nurture,6,1,432.48,5,1,1,7,0.0,0.26,1,1.0,1.0,13,9,1,2,medium
CUST00435,General Nurture,200,3,1740.56,1,3,3,7,0.3333333333333333,0.27,3,0.0,0.0,1,48,0,1,high
CUST00443,General Nurture,265,3,1694.35,1,3,3,7,0.0,0.25,2,0.0,0.0,2,54,0,0,high
CUST00450,General Nurture,44,1,862.9,4,1,2,7,0.0,0.24,1,0.0,0.0,5,2,1,0,medium
CUST00455,General Nurture,273,3,1616.76,1,3,3,7,0.0,0.43,2,0.0,0.0,0,51,0,0,high
CUST00494,General Nurture,11,1,660.15,5,1,1,7,0.0,0.15,1,0.0,0.0,6,0,1,0,low
CUST00537,General Nurture,2,1,447.58,5,1,1,7,0.0,0.32,1,0.0,0.0,4,5,1,0,low
CUST00544,General Nurture,85,2,2284.46,2,2,3,7,0.0,0.215,2,0.0,0.0,6,21,1,0,high
CUST00547,General Nurture,39,1,1001.24,4,1,2,7,1.0,0.12,1,1.0,1.0,6,10,0,0,medium
CUST00550,General Nurture,11,1,525.8,5,1,1,7,0.0,0.42,1,0.0,0.0,0,3,0,0,high
CUST00552,General Nurture,4,1,567.45,5,1,1,7,0.0,0.16,1,0.0,0.0,12,1,1,1,low
CUST00556,General Nurture,26,1,936.16,4,1,2,7,0.0,0.25,1,1.0,1.0,1,0,0,0,high
CUST00570,General Nurture,168,3,2545.7200000000003,1,3,3,7,0.3333333333333333,0.24666666666666667,3,0.0,0.0,0,27,0,1,high
CUST00579,General Nurture,10,1,301.68,5,1,1,7,0.0,0.39,1,0.0,0.0,1,1,0,0,high
CUST00581,General Nurture,76,2,1527.79,3,2,2,7,0.0,0.185,1,0.0,0.0,0,11,0,0,high
CUST00607,General Nurture,249,3,2332.76,1,3,3,7,0.0,0.27666666666666667,1,0.0,0.0,9,55,1,0,high
CUST00618,General Nurture,92,2,1570.53,2,2,3,7,0.0,0.21500000000000002,2,0.0,0.0,8,2,0,3,high
CUST00622,General Nurture,180,3,2009.7800000000002,1,3,3,7,0.0,0.30666666666666664,3,0.0,0.0,1,41,0,3,high
CUST00648,General Nurture,31,1,1298.17,4,1,2,7,0.0,0.13,1,0.0,0.0,3,16,1,3,low
CUST00666,General Nurture,3,1,540.99,5,1,1,7,0.0,0.32,1,1.0,1.0,1,10,0,1,high
CUST00677,General Nurture,6,1,291.61,5,1,1,7,0.0,0.36,1,0.0,0.0,1,13,0,0,high
CUST00706,General Nurture,2,1,439.07,5,1,1,7,0.0,0.33,1,0.0,0.0,2,0,0,0,low
CUST00732,General Nurture,6,1,402.61,5,1,1,7,0.0,0.13,1,1.0,1.0,6,4,1,1,medium
CUST00737,General Nurture,24,1,872.88,4,1,2,7,0.0,0.16,1,0.0,0.0,1,4,0,0,high
CUST00741,General Nurture,225,3,1798.7,1,3,3,7,0.0,0.23,3,0.0,0.0,3,52,0,1,high
CUST00744,General Nurture,65,2,1108.58,3,2,2,7,0.0,0.14,1,0.0,0.0,2,25,1,2,medium
CUST00774,General Nurture,101,3,1439.8,2,3,2,7,0.0,0.10666666666666667,2,0.0,0.0,2,28,0,0,high
CUST00777,General Nurture,10,1,720.41,5,1,1,7,0.0,0.32,1,0.0,0.0,2,1,0,1,low
CUST00806,General Nurture,21,1,976.95,4,1,2,7,0.0,0.46,1,0.0,0.0,11,7,1,0,low
CUST00807,General Nurture,112,2,1827.0300000000002,2,2,3,7,0.0,0.19,2,0.0,0.0,4,14,0,0,high
CUST00821,General Nurture,94,3,1248.56,2,3,2,7,0.3333333333333333,0.29666666666666663,2,1.0,0.0,6,27,0,0,high
CUST00827,General Nurture,57,1,1699.04,3,1,3,7,0.0,0.16,1,0.0,0.0,4,2,0,2,medium
CUST00839,General Nurture,162,3,1996.99,1,3,3,7,0.0,0.15333333333333332,3,0.0,0.0,2,31,0,0,high
CUST00844,General Nurture,19,1,410.24,5,1,1,7,0.0,0.32,1,0.0,0.0,1,5,0,1,high
CUST00848,General Nurture,4,1,547.18,5,1,1,7,0.0,0.28,1,0.0,0.0,8,0,1,1,low
CUST00854,General Nurture,279,3,2249.63,1,3,3,7,0.0,0.2733333333333334,3,0.0,0.0,1,44,0,0,high
CUST00866,General Nurture,26,1,1280.71,4,1,2,7,0.0,0.06,1,0.0,0.0,5,1,1,0,low
CUST00867,General Nurture,15,1,424.64,5,1,1,7,0.0,0.55,1,1.0,1.0,6,22,1,0,medium
CUST00897,General Nurture,13,1,584.95,5,1,1,7,0.0,0.11,1,0.0,0.0,3,2,1,1,low
CUST00900,General Nurture,58,2,1242.65,3,2,2,7,0.0,0.25,2,1.0,1.0,1,10,0,1,medium
CUST00917,General Nurture,286,3,1704.79,1,3,3,7,0.0,0.2833333333333333,3,0.0,0.0,1,60,0,1,high
CUST00933,General Nurture,205,3,2102.12,1,3,3,7,0.0,0.22666666666666666,2,0.0,0.0,0,41,0,0,high
CUST00939,General Nurture,9,1,560.91,5,1,1,7,0.0,0.18,1,0.0,0.0,7,0,1,2,low
CUST00964,General Nurture,219,3,2167.08,1,3,3,7,0.0,0.25,3,0.0,0.0,0,47,0,0,high
CUST01006,General Nurture,4,1,404.58,5,1,1,7,0.0,0.2,1,0.0,0.0,3,4,0,0,low
CUST01037,General Nurture,8,1,681.83,5,1,1,7,0.0,0.37,1,0.0,0.0,6,0,1,0,low
CUST01042,General Nurture,0,1,610.96,5,1,1,7,0.0,0.25,1,0.0,0.0,10,0,1,1,low
CUST01044,General Nurture,84,1,2141.49,3,1,3,7,0.0,0.22,1,0.0,0.0,2,21,1,0,high
CUST01045,General Nurture,143,2,1560.91,2,2,3,7,0.0,0.22,2,0.0,0.0,4,14,0,0,high
CUST01058,General Nurture,110,3,1535.77,2,3,2,7,0.0,0.23666666666666666,2,0.0,0.0,1,25,0,1,high
CUST01071,General Nurture,14,1,690.61,5,1,1,7,0.0,0.17,1,0.0,0.0,7,3,1,1,low
CUST01101,General Nurture,10,1,732.91,5,1,1,7,0.0,0.13,1,0.0,0.0,2,5,0,0,low
CUST01116,General Nurture,54,1,2054.97,3,1,3,7,0.0,0.24,1,1.0,1.0,7,17,1,0,medium
CUST01145,General Nurture,183,3,1800.48,1,3,3,7,0.0,0.20333333333333334,2,0.0,0.0,2,38,0,1,high
CUST01160,General Nurture,166,3,1700.8000000000002,1,3,3,7,0.0,0.43,3,0.0,0.0,2,32,0,0,high
CUST01168,General Nurture,14,1,510.5,5,1,1,7,0.0,0.3,1,0.0,0.0,8,2,0,2,low
CUST01199,General Nurture,359,3,2144.4,1,3,3,7,0.3333333333333333,0.25666666666666665,3,0.0,0.0,1,60,1,0,high
CUST01208,General Nurture,95,3,1407.5300000000002,2,3,2,7,0.0,0.27999999999999997,3,0.0,0.0,1,15,0,2,high
CUST01221,General Nurture,13,1,405.2,5,1,1,7,0.0,0.33,1,0.0,0.0,6,21,1,0,low
CUST01224,General Nurture,33,1,1005.1,4,1,2,7,0.0,0.33,1,0.0,0.0,7,7,2,2,low
CUST01255,General Nurture,78,1,2060.75,3,1,3,7,0.0,0.11,1,1.0,1.0,8,15,1,0,high
CUST01261,General Nurture,18,1,345.05,5,1,1,7,0.0,0.28,1,0.0,0.0,1,0,0,0,high
CUST01281,General Nurture,215,3,1971.02,1,3,3,7,0.0,0.3233333333333333,3,0.0,0.0,4,43,0,0,high
CUST01286,General Nurture,226,3,2241.96,1,3,3,7,0.0,0.26,2,0.0,0.0,2,45,0,0,high
CUST01290,General Nurture,53,2,1164.42,3,2,2,7,0.0,0.26,2,0.0,0.0,9,15,0,0,medium
CUST01298,General Nurture,329,4,1161.46,1,4,2,7,0.25,0.3525,2,0.0,0.0,0,60,0,0,high
CUST01299,General Nurture,171,3,2011.06,1,3,3,7,0.0,0.20333333333333337,3,0.0,0.0,8,35,0,0,high
CUST01320,General Nurture,150,3,1828.6799999999998,1,3,3,7,0.3333333333333333,0.18999999999999997,2,0.0,0.0,6,40,1,1,high
CUST01398,General Nurture,57,1,1672.19,3,1,3,7,1.0,0.12,1,1.0,1.0,6,0,1,0,medium
CUST01432,General Nurture,102,3,1075.54,2,3,2,7,0.0,0.20666666666666667,2,0.0,0.0,2,25,1,0,high
CUST01469,General Nurture,44,1,1313.43,4,1,2,7,0.0,0.17,1,0.0,0.0,0,0,0,1,high
CUST01502,General Nurture,80,2,1331.42,3,2,2,7,0.5,0.20500000000000002,1,0.0,0.0,15,5,0,1,high
CUST01510,General Nurture,132,2,1667.1,2,2,3,7,0.0,0.315,2,0.0,0.0,7,32,1,2,high
CUST01558,General Nurture,210,3,2406.87,1,3,3,7,0.0,0.3,3,0.0,0.0,1,38,0,0,high
CUST01566,General Nurture,5,1,486.05,5,1,1,7,0.0,0.35,1,0.0,0.0,0,6,0,0,high
CUST01583,General Nurture,261,3,1979.92,1,3,3,7,0.0,0.33666666666666667,2,0.0,0.0,2,42,0,2,high
CUST01586,General Nurture,25,1,788.8,4,1,2,7,0.0,0.25,1,1.0,1.0,7,0,1,1,medium
CUST01600,General Nurture,0,1,657.78,5,1,1,7,0.0,0.43,1,0.0,0.0,2,9,0,0,low
CUST01605,General Nurture,20,1,1057.43,4,1,2,7,0.0,0.18,1,0.0,0.0,3,0,1,0,low
CUST01628,General Nurture,180,3,1760.35,1,3,3,7,0.3333333333333333,0.3433333333333333,2,0.0,0.0,4,25,0,0,high
CUST01629,General Nurture,81,2,1120.0,3,2,2,7,0.0,0.295,2,0.0,0.0,1,18,0,0,high
CUST01669,General Nurture,143,2,1801.98,2,2,3,7,0.0,0.30000000000000004,2,0.0,0.0,0,26,0,0,high
CUST01673,General Nurture,24,1,489.02,4,2,1,7,0.0,0.19,1,0.0,0.0,3,31,0,1,low
CUST01676,General Nurture,133,3,1460.8000000000002,2,3,2,7,0.0,0.16333333333333333,2,0.0,0.0,5,40,1,1,high
CUST01696,General Nurture,127,2,1047.8,2,3,2,7,0.0,0.33,1,0.0,0.0,1,16,0,1,high
CUST01702,General Nurture,209,3,2444.42,1,3,3,7,0.0,0.18333333333333335,2,0.0,0.0,3,31,0,0,high
CUST01721,General Nurture,38,1,617.29,4,2,1,7,0.0,0.26,1,0.0,0.0,5,19,1,0,medium
CUST01740,General Nurture,22,1,717.61,4,2,1,7,0.0,0.32,1,0.0,0.0,1,5,0,0,high
CUST01743,General Nurture,90,3,1294.36,2,3,2,7,0.0,0.29,3,1.0,1.0,6,14,0,0,high
CUST01757,General Nurture,167,2,1856.03,1,3,3,7,0.0,0.115,2,0.0,0.0,1,40,0,0,high
CUST01765,General Nurture,265,2,1739.8,1,3,3,7,0.0,0.195,2,0.0,0.0,0,51,0,1,high
CUST01772,General Nurture,254,2,1751.38,1,3,3,7,0.0,0.28,2,0.0,0.0,0,53,0,0,high
CUST01791,General Nurture,82,2,516.61,3,3,1,7,0.0,0.405,2,0.0,0.0,5,12,0,0,high
CUST01796,General Nurture,33,1,500.81,4,2,1,7,0.0,0.26,1,0.0,0.0,4,8,1,0,low
CUST01797,General Nurture,117,1,1593.85,2,2,3,7,1.0,0.0,1,0.0,0.0,6,31,1,0,high
CUST01802,General Nurture,139,3,1461.8,2,3,2,7,0.0,0.32666666666666666,3,0.0,0.0,3,14,0,0,high
CUST01805,General Nurture,37,1,433.16,4,2,1,7,0.0,0.3,1,0.0,0.0,0,23,0,1,high
CUST01814,General Nurture,43,1,579.84,4,2,1,7,0.0,0.24,1,1.0,1.0,6,6,0,0,medium
CUST01840,General Nurture,101,3,1327.8,2,3,2,7,0.0,0.29333333333333333,3,0.0,0.0,5,9,1,0,high
CUST01849,General Nurture,34,1,385.85,4,2,1,7,0.0,0.36,1,0.0,0.0,3,12,1,0,low
CUST01874,General Nurture,31,1,663.19,4,2,1,7,0.0,0.11,1,0.0,0.0,1,16,0,0,high
CUST01879,General Nurture,24,1,709.74,4,2,1,7,1.0,0.14,1,1.0,1.0,5,4,0,2,medium
CUST01884,General Nurture,234,3,2372.63,1,3,3,7,0.0,0.33,2,0.0,0.0,2,51,0,0,high
CUST01901,General Nurture,163,3,2344.37,1,3,3,7,0.0,0.19000000000000003,3,0.0,0.0,6,32,1,2,high
CUST01917,General Nurture,196,2,1593.3,1,3,3,7,0.0,0.27,2,0.0,0.0,2,37,0,0,high
CUST01936,General Nurture,34,1,300.34,4,2,1,7,0.0,0.3,1,0.0,0.0,8,0,1,2,low
CUST01946,General Nurture,118,3,1522.71,2,3,2,7,0.0,0.33666666666666667,3,0.0,0.0,4,10,1,2,high
CUST01950,General Nurture,136,3,1395.9099999999999,2,3,2,7,0.0,0.33,1,0.0,0.0,2,32,0,0,high
CUST01968,General Nurture,59,1,1323.58,3,2,2,7,1.0,0.19,1,1.0,1.0,2,3,0,1,medium
CUST01988,General Nurture,52,1,824.71,3,2,2,7,0.0,0.24,1,0.0,0.0,2,3,0,0,medium
CUST01999,General Nurture,70,2,762.25,3,3,1,7,0.0,0.33999999999999997,1,0.0,0.0,4,14,0,1,medium
CUST02006,General Nurture,99,1,1872.67,2,2,3,7,0.0,0.23,1,0.0,0.0,2,12,0,0,high
CUST02014,General Nurture,39,1,585.15,4,2,1,7,0.0,0.33,1,0.0,0.0,0,4,0,0,high
CUST02022,General Nurture,44,1,329.75,4,2,1,7,0.0,0.44,1,1.0,1.0,1,4,0,0,high
CUST02028,General Nurture,127,2,1517.08,2,3,2,7,0.0,0.20500000000000002,2,0.0,0.0,3,25,1,0,high
CUST02039,General Nurture,160,3,1806.76,1,3,3,7,0.0,0.32,3,0.0,0.0,0,18,0,0,high
CUST02073,General Nurture,34,1,462.53,4,2,1,7,0.0,0.24,1,0.0,0.0,0,3,0,0,high
CUST02082,General Nurture,124,2,1444.5700000000002,2,3,2,7,0.0,0.275,2,0.0,0.0,1,39,0,0,high
CUST02089,General Nurture,20,1,542.75,4,2,1,7,0.0,0.23,1,0.0,0.0,1,8,0,0,high
CUST02094,General Nurture,96,2,1171.49,2,3,2,7,0.0,0.07,2,0.0,0.0,1,33,0,0,high
CUST02095,General Nurture,163,2,1605.26,1,3,3,7,0.0,0.255,1,0.0,0.0,0,29,0,1,high
CUST02113,General Nurture,194,2,2358.37,1,3,3,7,0.0,0.33,2,0.0,0.0,1,37,0,0,high
CUST02121,General Nurture,23,1,467.21,4,2,1,7,0.0,0.33,1,0.0,0.0,6,1,1,0,low
CUST02134,General Nurture,192,3,2486.55,1,3,3,7,0.0,0.17333333333333334,2,0.0,0.0,1,44,0,0,high
CUST02135,General Nurture,66,1,1006.67,3,2,2,7,0.0,0.46,1,1.0,0.0,2,13,0,0,medium
CUST02139,General Nurture,28,1,440.82,4,2,1,7,0.0,0.45,1,0.0,0.0,3,7,0,0,low
CUST02142,General Nurture,79,1,1330.95,3,2,2,7,0.0,0.38,1,0.0,0.0,1,25,0,0,high
CUST02143,General Nurture,61,1,1023.26,3,2,2,7,0.0,0.2,1,0.0,0.0,14,13,1,2,medium
CUST02144,General Nurture,173,2,1767.13,1,3,3,7,0.0,0.29500000000000004,2,0.0,0.0,0,40,0,0,high
CUST02147,General Nurture,124,2,997.9000000000001,2,3,2,7,0.0,0.31,2,0.0,0.0,1,36,0,0,high
CUST02161,General Nurture,153,3,2402.2799999999997,1,3,3,7,0.0,0.36999999999999994,2,0.0,0.0,1,41,0,0,high
CUST02168,General Nurture,165,3,2219.25,1,3,3,7,0.3333333333333333,0.24666666666666667,2,0.0,0.0,8,30,1,1,high
CUST02184,General Nurture,110,2,1434.1,2,3,2,7,0.0,0.385,2,0.0,0.0,2,22,0,0,high
CUST02210,General Nurture,154,2,1718.96,1,3,3,7,0.0,0.18,2,0.0,0.0,1,23,0,0,high
CUST02219,General Nurture,39,1,484.4,4,2,1,7,0.0,0.11,1,0.0,0.0,4,2,1,1,medium
CUST02221,General Nurture,34,1,682.97,4,2,1,7,0.0,0.33,1,0.0,0.0,1,19,0,1,high
CUST02224,General Nurture,197,3,1603.7,1,3,3,7,0.0,0.27,2,0.0,0.0,0,42,0,3,high
CUST02230,General Nurture,24,1,388.37,4,2,1,7,0.0,0.14,1,0.0,0.0,1,4,0,0,high
CUST02236,General Nurture,145,2,1413.8899999999999,2,3,2,7,0.0,0.20500000000000002,1,0.0,0.0,1,27,0,0,high
CUST02239,General Nurture,45,1,576.85,4,2,1,7,0.0,0.27,1,0.0,0.0,5,19,0,0,medium
CUST02246,General Nurture,153,3,2005.87,1,3,3,7,0.0,0.30666666666666664,3,0.0,0.0,6,30,2,1,high
CUST02251,General Nurture,182,2,1716.8,1,3,3,7,0.0,0.235,2,0.0,0.0,8,22,1,1,high
CUST02265,General Nurture,31,1,280.88,4,2,1,7,0.0,0.54,1,0.0,0.0,3,0,1,0,low
CUST02266,General Nurture,20,1,563.66,4,2,1,7,0.0,0.22,1,0.0,0.0,2,13,0,3,low
CUST02267,General Nurture,207,2,2539.23,1,3,3,7,0.5,0.07,1,0.0,0.0,5,35,0,1,high
CUST02276,General Nurture,265,2,2509.86,1,3,3,7,0.0,0.4,2,0.0,0.0,1,50,0,0,high
CUST02278,General Nurture,116,2,937.17,2,3,2,7,0.0,0.31,2,0.0,0.0,0,28,0,0,high
CUST02286,General Nurture,242,2,2310.76,1,3,3,7,0.0,0.11,2,0.0,0.0,2,58,0,1,high
CUST02297,General Nurture,27,1,389.45,4,2,1,7,0.0,0.19,1,0.0,0.0,3,1,0,2,low
CUST02301,General Nurture,126,3,1446.59,2,3,2,7,0.0,0.2733333333333334,2,0.0,0.0,7,35,3,0,high
CUST02324,General Nurture,178,3,2455.75,1,3,3,7,0.0,0.28,3,0.0,0.0,2,43,0,0,high
CUST02341,General Nurture,31,1,490.32,4,2,1,7,0.0,0.13,1,0.0,0.0,2,7,0,0,low
CUST02361,General Nurture,43,1,430.86,4,2,1,7,0.0,0.28,1,0.0,0.0,2,13,1,0,medium
CUST02390,General Nurture,282,3,2336.76,1,3,3,7,0.0,0.33666666666666667,2,0.0,0.0,2,60,0,0,high
CUST02395,General Nurture,364,4,1428.0,1,4,2,7,0.5,0.3,2,0.0,0.0,1,60,0,0,high
CUST02400,General Nurture,110,2,1017.49,2,3,2,7,0.0,0.25,2,0.0,0.0,1,11,0,0,high
CUST00004,General Nurture,131,1,1604.04,2,1,3,6,0.0,0.16,1,0.0,0.0,1,14,0,0,high
CUST00023,General Nurture,21,1,400.98,4,1,1,6,0.0,0.25,1,0.0,0.0,3,7,1,1,low
CUST00043,General Nurture,24,1,363.01,4,1,1,6,0.0,0.43,1,0.0,0.0,3,0,0,0,low
CUST00083,General Nurture,89,2,806.87,2,2,2,6,0.5,0.33499999999999996,1,1.0,1.0,9,17,1,0,high
CUST00092,General Nurture,21,1,430.85,4,1,1,6,0.0,0.26,1,0.0,0.0,1,3,0,0,high
CUST00118,General Nurture,27,1,689.56,4,1,1,6,0.0,0.18,1,0.0,0.0,2,1,0,0,low
CUST00120,General Nurture,26,1,261.95,4,1,1,6,0.0,0.27,1,0.0,0.0,6,5,1,0,low
CUST00141,General Nurture,28,1,647.85,4,1,1,6,0.0,0.23,1,0.0,0.0,4,0,0,1,low
CUST00145,General Nurture,30,1,502.35,4,1,1,6,0.0,0.11,1,0.0,0.0,0,0,0,0,high
CUST00162,General Nurture,91,2,1194.5900000000001,2,2,2,6,0.0,0.29000000000000004,1,0.0,0.0,2,28,0,0,high
CUST00186,General Nurture,41,1,714.65,4,1,1,6,0.0,0.33,1,1.0,1.0,2,5,1,0,medium
CUST00195,General Nurture,23,1,654.27,4,1,1,6,0.0,0.17,1,1.0,1.0,5,0,1,0,medium
CUST00210,General Nurture,128,2,1254.8700000000001,2,2,2,6,0.0,0.27,2,0.0,0.0,3,38,0,0,high
CUST00214,General Nurture,64,1,1427.16,3,1,2,6,0.0,0.22,1,0.0,0.0,3,14,0,0,medium
CUST00216,General Nurture,48,1,1349.42,3,1,2,6,1.0,0.27,1,1.0,1.0,7,16,1,0,medium
CUST00232,General Nurture,55,1,786.26,3,1,2,6,0.0,0.33,1,0.0,0.0,2,1,0,0,medium
CUST00236,General Nurture,62,1,782.89,3,1,2,6,0.0,0.37,1,1.0,0.0,8,8,0,0,medium
CUST00288,General Nurture,110,2,1096.1,2,2,2,6,0.0,0.255,1,0.0,0.0,1,20,0,0,high
CUST00292,General Nurture,43,1,657.91,4,1,1,6,1.0,0.08,1,1.0,0.0,6,0,0,2,medium
CUST00310,General Nurture,22,1,578.27,4,1,1,6,1.0,0.2,1,1.0,1.0,5,8,1,0,medium
CUST00311,General Nurture,48,1,1336.82,3,1,2,6,0.0,0.1,1,0.0,0.0,4,0,0,0,medium
CUST00316,General Nurture,97,2,1079.82,2,2,2,6,0.5,0.32,2,0.0,0.0,1,30,0,2,high
CUST00333,General Nurture,75,1,870.15,3,1,2,6,0.0,0.07,1,0.0,0.0,3,21,1,0,medium
CUST00358,General Nurture,101,2,1523.3600000000001,2,2,2,6,0.0,0.33499999999999996,2,0.0,0.0,4,1,1,0,high
CUST00363,General Nurture,27,1,413.99,4,1,1,6,0.0,0.32,1,1.0,1.0,2,5,0,0,medium
CUST00378,General Nurture,99,1,1622.32,2,1,3,6,0.0,0.29,1,0.0,0.0,4,1,1,0,high
CUST00384,General Nurture,26,1,470.31,4,1,1,6,0.0,0.22,1,0.0,0.0,0,0,0,0,high
CUST00387,General Nurture,40,1,721.21,4,1,1,6,0.0,0.31,1,0.0,0.0,1,2,0,0,high
CUST00422,General Nurture,125,2,1075.03,2,2,2,6,0.0,0.25,1,0.0,0.0,7,26,1,0,high
CUST00424,General Nurture,113,2,1297.49,2,2,2,6,0.0,0.21000000000000002,2,0.0,0.0,5,33,0,1,high
CUST00514,General Nurture,93,1,1687.55,2,1,3,6,0.0,0.2,1,0.0,0.0,11,13,0,4,high
CUST00518,General Nurture,23,1,226.9,4,1,1,6,0.0,0.12,1,0.0,0.0,5,0,0,0,low
CUST00563,General Nurture,105,2,887.86,2,2,2,6,0.0,0.305,1,0.0,0.0,1,20,0,0,high
CUST00566,General Nurture,22,1,657.76,4,1,1,6,0.0,0.32,1,0.0,0.0,25,3,1,0,low
CUST00571,General Nurture,32,1,598.14,4,1,1,6,1.0,0.28,1,1.0,0.0,5,4,0,0,medium
CUST00600,General Nurture,263,3,1248.1399999999999,1,3,2,6,0.0,0.3066666666666667,2,0.0,0.0,3,53,0,0,high
CUST00615,General Nurture,34,1,446.03,4,1,1,6,1.0,0.17,1,1.0,1.0,4,6,1,1,medium
CUST00660,General Nurture,43,1,573.43,4,1,1,6,0.0,0.16,1,0.0,0.0,7,8,0,2,medium
CUST00661,General Nurture,180,3,1105.96,1,3,2,6,0.0,0.3833333333333333,3,0.0,0.0,1,33,0,0,high
CUST00664,General Nurture,20,1,237.27,4,1,1,6,0.0,0.34,1,1.0,0.0,1,0,0,0,high
CUST00709,General Nurture,129,1,1966.47,2,1,3,6,0.0,0.13,1,0.0,0.0,0,17,0,0,high
CUST00722,General Nurture,30,1,256.54,4,1,1,6,1.0,0.6,1,1.0,1.0,1,0,0,0,high
CUST00752,General Nurture,97,2,1319.5500000000002,2,2,2,6,0.0,0.23500000000000001,2,0.0,0.0,2,33,0,0,high
CUST00788,General Nurture,49,1,1408.44,3,1,2,6,0.0,0.39,1,0.0,0.0,8,11,1,0,medium
CUST00833,General Nurture,67,1,1142.84,3,1,2,6,0.0,0.49,1,0.0,0.0,6,4,1,0,medium
CUST00856,General Nurture,135,1,2235.84,2,1,3,6,0.0,0.19,1,0.0,0.0,1,27,0,3,high
CUST00860,General Nurture,79,1,1472.26,3,1,2,6,0.0,0.27,1,1.0,1.0,7,23,0,4,high
CUST00861,General Nurture,170,3,1530.88,1,3,2,6,0.0,0.31666666666666665,3,0.0,0.0,3,29,0,2,high
CUST00864,General Nurture,138,2,1042.98,2,2,2,6,0.0,0.265,2,0.0,0.0,2,24,0,1,high
CUST00874,General Nurture,21,1,511.56,4,1,1,6,0.0,0.24,1,0.0,0.0,7,3,1,0,low
CUST00875,General Nurture,30,1,363.1,4,1,1,6,0.0,0.31,1,0.0,0.0,1,6,0,0,high
CUST00882,General Nurture,85,2,894.79,2,2,2,6,0.0,0.225,2,1.0,0.0,2,11,1,0,high
CUST00890,General Nurture,24,1,631.59,4,1,1,6,0.0,0.06,1,1.0,0.0,1,8,0,0,high
CUST00912,General Nurture,138,2,1516.54,2,2,2,6,0.0,0.315,2,0.0,0.0,0,35,0,2,high
CUST00925,General Nurture,44,1,464.59,4,1,1,6,0.0,0.3,1,1.0,1.0,6,0,1,0,medium
CUST00929,General Nurture,43,1,325.51,4,1,1,6,0.0,0.11,1,0.0,0.0,5,10,2,1,medium
CUST00948,General Nurture,79,1,923.64,3,1,2,6,0.0,0.1,1,0.0,0.0,11,19,1,0,high
CUST00949,General Nurture,130,2,1269.04,2,2,2,6,0.0,0.14500000000000002,2,0.0,0.0,2,17,0,0,high
CUST00955,General Nurture,63,2,748.92,3,2,1,6,0.0,0.145,2,0.0,0.0,4,16,0,0,medium
CUST00962,General Nurture,22,1,349.41,4,1,1,6,1.0,0.26,1,1.0,1.0,9,19,1,0,medium
CUST01009,General Nurture,41,1,334.39,4,1,1,6,0.0,0.32,1,0.0,0.0,7,0,1,0,medium
CUST01010,General Nurture,22,1,531.29,4,1,1,6,0.0,0.25,1,0.0,0.0,3,0,0,0,low
CUST01069,General Nurture,55,1,1446.51,3,1,2,6,0.0,0.26,1,0.0,0.0,3,13,1,1,medium
CUST01077,General Nurture,68,1,1080.77,3,1,2,6,0.0,0.45,1,0.0,0.0,1,22,0,0,high
CUST01089,General Nurture,25,1,337.51,4,1,1,6,0.0,0.43,1,0.0,0.0,2,11,0,0,low
CUST01090,General Nurture,144,2,1200.77,2,2,2,6,0.0,0.21000000000000002,2,0.0,0.0,1,35,0,0,high
CUST01093,General Nurture,285,3,1477.44,1,3,2,6,0.0,0.33666666666666667,2,0.0,0.0,5,60,1,0,high
CUST01100,General Nurture,24,1,491.36,4,1,1,6,0.0,0.36,1,0.0,0.0,3,0,0,0,low
CUST01107,General Nurture,91,2,980.0699999999999,2,2,2,6,0.0,0.32,2,0.0,0.0,2,20,0,0,high
CUST01170,General Nurture,139,2,1210.01,2,2,2,6,0.0,0.24000000000000002,2,0.0,0.0,2,41,0,0,high
CUST01198,General Nurture,31,1,592.73,4,1,1,6,0.0,0.32,1,1.0,0.0,5,6,1,0,medium
CUST01230,General Nurture,112,2,1398.63,2,2,2,6,0.0,0.28,1,0.0,0.0,2,24,0,0,high
CUST01318,General Nurture,130,2,911.45,2,2,2,6,0.0,0.1,1,0.0,0.0,2,24,1,1,high
CUST01341,General Nurture,38,1,395.13,4,1,1,6,0.0,0.23,1,0.0,0.0,5,26,1,0,medium
CUST01373,General Nurture,45,1,291.54,4,1,1,6,0.0,0.6,1,0.0,0.0,4,10,0,0,medium
CUST01376,General Nurture,34,1,541.57,4,1,1,6,0.0,0.02,1,0.0,0.0,6,18,1,0,low
CUST01400,General Nurture,134,2,863.9,2,2,2,6,0.0,0.195,2,0.0,0.0,1,38,1,0,high
CUST01424,General Nurture,93,1,2318.97,2,1,3,6,0.0,0.43,1,0.0,0.0,3,24,0,0,high
CUST01425,General Nurture,48,1,1148.76,3,1,2,6,0.0,0.32,1,0.0,0.0,3,5,0,1,medium
CUST01458,General Nurture,52,1,1462.88,3,1,2,6,0.0,0.13,1,0.0,0.0,1,0,0,0,high
CUST01462,General Nurture,80,2,635.48,3,2,1,6,0.0,0.27,2,0.0,0.0,3,13,1,0,high
CUST01504,General Nurture,152,3,1436.96,1,3,2,6,0.3333333333333333,0.31666666666666665,3,0.0,0.0,0,32,0,1,high
CUST01522,General Nurture,68,1,882.29,3,1,2,6,0.0,0.33,1,0.0,0.0,2,16,0,1,medium
CUST01534,General Nurture,22,1,416.32,4,1,1,6,0.0,0.24,1,0.0,0.0,7,15,2,0,low
CUST01545,General Nurture,106,2,1091.81,2,2,2,6,0.0,0.315,2,0.0,0.0,4,28,1,0,high
CUST01555,General Nurture,30,1,329.17,4,1,1,6,0.0,0.28,1,1.0,1.0,5,9,1,2,medium
CUST01585,General Nurture,23,1,327.29,4,1,1,6,0.0,0.32,1,0.0,0.0,4,9,1,0,low
CUST01589,General Nurture,147,2,883.23,2,2,2,6,0.0,0.26,1,0.0,0.0,1,24,0,0,high
CUST01608,General Nurture,26,1,501.47,4,1,1,6,0.0,0.27,1,0.0,0.0,1,17,0,2,high
CUST01634,General Nurture,40,1,668.05,4,1,1,6,0.0,0.4,1,0.0,0.0,6,5,0,0,medium
CUST01659,General Nurture,98,2,1400.5700000000002,2,2,2,6,0.0,0.26,2,0.0,0.0,8,13,1,0,high
CUST01665,General Nurture,75,1,335.28,3,2,1,6,0.0,0.18,1,0.0,0.0,6,6,1,1,medium
CUST01675,General Nurture,132,2,1309.95,2,2,2,6,0.0,0.29,2,0.0,0.0,3,35,1,0,high
CUST01722,General Nurture,59,1,359.06,3,2,1,6,0.0,0.14,1,0.0,0.0,1,9,0,0,high
CUST01739,General Nurture,75,1,349.72,3,2,1,6,0.0,0.45,1,0.0,0.0,5,7,0,0,medium
CUST01744,General Nurture,111,1,1021.08,2,2,2,6,0.0,0.37,1,0.0,0.0,3,19,1,0,high
CUST01758,General Nurture,78,1,411.88,3,2,1,6,0.0,0.33,1,0.0,0.0,2,10,1,1,high
CUST01789,General Nurture,52,1,341.52,3,2,1,6,0.0,0.36,1,0.0,0.0,6,0,1,0,medium
CUST01795,General Nurture,89,1,1266.99,2,2,2,6,0.0,0.17,1,1.0,1.0,7,12,0,1,high
CUST01799,General Nurture,74,1,659.32,3,2,1,6,0.0,0.15,1,1.0,1.0,0,12,0,0,high
CUST01837,General Nurture,76,1,441.28,3,2,1,6,0.0,0.47,1,0.0,0.0,5,9,1,0,high
CUST01852,General Nurture,48,1,572.93,3,2,1,6,0.0,0.18,1,1.0,1.0,2,0,0,3,medium
CUST01854,General Nurture,150,2,1301.87,1,3,2,6,0.0,0.42000000000000004,2,0.0,0.0,5,19,0,0,high
CUST01856,General Nurture,211,3,1379.79,1,3,2,6,0.6666666666666666,0.31,2,0.0,0.0,0,44,0,0,high
CUST01866,General Nurture,70,1,510.52,3,2,1,6,0.0,0.27,1,1.0,1.0,16,0,1,0,medium
CUST01871,General Nurture,100,1,1448.69,2,2,2,6,0.0,0.06,1,0.0,0.0,1,30,0,0,high
CUST01882,General Nurture,219,2,965.8,1,3,2,6,0.0,0.245,2,0.0,0.0,0,41,0,0,high
CUST01908,General Nurture,216,3,1025.52,1,3,2,6,0.0,0.4366666666666667,3,0.0,0.0,1,49,0,0,high
CUST01913,General Nurture,78,1,422.52,3,2,1,6,0.0,0.44,1,0.0,0.0,2,6,0,0,high
CUST01935,General Nurture,52,1,308.98,3,2,1,6,0.0,0.33,1,0.0,0.0,8,5,0,1,medium
CUST01952,General Nurture,313,2,922.6,1,3,2,6,0.0,0.305,1,0.0,0.0,3,59,1,0,high
CUST01956,General Nurture,78,1,301.98,3,2,1,6,0.0,0.28,1,0.0,0.0,5,2,0,1,high
CUST01963,General Nurture,113,1,827.54,2,2,2,6,0.0,0.23,1,0.0,0.0,6,30,1,0,high
CUST01996,General Nurture,206,2,1407.45,1,3,2,6,0.0,0.11499999999999999,2,0.0,0.0,2,51,0,1,high
CUST02003,General Nurture,169,2,1381.48,1,3,2,6,0.0,0.405,2,0.0,0.0,3,30,0,0,high
CUST02032,General Nurture,342,2,1046.18,1,3,2,6,0.0,0.21000000000000002,2,0.0,0.0,2,60,0,0,high
CUST02056,General Nurture,195,2,1281.97,1,3,2,6,0.0,0.12,2,0.0,0.0,2,35,0,1,high
CUST02070,General Nurture,80,1,557.51,3,2,1,6,0.0,0.32,1,1.0,1.0,11,32,1,2,high
CUST02112,General Nurture,335,3,1402.8600000000001,1,3,2,6,0.0,0.34,2,0.0,0.0,0,60,0,0,high
CUST02114,General Nurture,111,2,587.4200000000001,2,3,1,6,0.5,0.32999999999999996,1,0.0,0.0,8,22,1,0,high
CUST02116,General Nurture,151,2,1180.1399999999999,1,3,2,6,0.0,0.235,2,0.0,0.0,1,28,0,0,high
CUST02129,General Nurture,90,1,787.79,2,2,2,6,0.0,0.18,1,0.0,0.0,2,18,0,0,high
CUST02146,General Nurture,118,1,917.63,2,2,2,6,0.0,0.23,1,0.0,0.0,0,27,0,0,high
CUST02164,General Nurture,48,1,644.0,3,2,1,6,0.0,0.34,1,1.0,0.0,2,3,0,0,medium
CUST02171,General Nurture,120,1,1067.07,2,2,2,6,0.0,0.21,1,0.0,0.0,1,11,0,1,high
CUST02176,General Nurture,114,1,971.25,2,2,2,6,0.0,0.28,1,0.0,0.0,8,14,1,2,high
CUST02188,General Nurture,125,2,640.48,2,3,1,6,0.0,0.565,2,0.0,0.0,1,25,0,0,high
CUST02206,General Nurture,278,2,1232.78,1,3,2,6,0.0,0.27,2,0.0,0.0,0,45,0,0,high
CUST02212,General Nurture,52,1,619.75,3,2,1,6,0.0,0.32,1,0.0,0.0,2,16,0,0,medium
CUST02220,General Nurture,70,1,366.62,3,2,1,6,0.0,0.23,1,0.0,0.0,7,7,1,0,medium
CUST02222,General Nurture,92,1,836.55,2,2,2,6,1.0,0.06,1,1.0,0.0,7,5,1,0,high
CUST02247,General Nurture,55,1,533.22,3,2,1,6,0.0,0.3,1,0.0,0.0,0,4,0,0,high
CUST02248,General Nurture,93,1,1245.24,2,2,2,6,0.0,0.2,1,0.0,0.0,2,17,0,0,high
CUST02268,General Nurture,167,2,1421.47,1,3,2,6,0.0,0.21500000000000002,2,0.0,0.0,2,26,0,0,high
CUST02299,General Nurture,101,1,1062.37,2,2,2,6,0.0,0.16,1,0.0,0.0,7,19,2,1,high
CUST02327,General Nurture,160,3,1354.68,1,3,2,6,0.0,0.2733333333333334,3,0.0,0.0,9,32,1,1,high
CUST02347,General Nurture,92,1,1102.94,2,2,2,6,0.0,0.28,1,0.0,0.0,3,20,1,2,high
CUST02364,General Nurture,153,2,1091.09,1,3,2,6,0.0,0.325,2,0.0,0.0,1,31,0,0,high
CUST02375,General Nurture,81,1,530.02,3,2,1,6,0.0,0.28,1,0.0,0.0,2,26,0,1,high
CUST02391,General Nurture,52,1,767.26,3,2,1,6,0.0,0.32,1,1.0,1.0,1,18,0,0,high
CUST00031,General Nurture,49,1,672.95,3,1,1,5,0.0,0.24,1,0.0,0.0,6,9,1,0,medium
CUST00078,General Nurture,139,1,894.45,2,1,2,5,1.0,0.42,1,0.0,0.0,5,38,0,0,high
CUST00100,General Nurture,70,1,372.37,3,1,1,5,0.0,0.29,1,0.0,0.0,1,29,0,0,high
CUST00102,General Nurture,83,1,732.65,3,1,1,5,0.0,0.16,1,0.0,0.0,2,7,0,0,high
CUST00104,General Nurture,93,1,955.63,2,1,2,5,0.0,0.31,1,0.0,0.0,3,27,0,0,high
CUST00136,General Nurture,71,1,514.9,3,1,1,5,0.0,0.3,1,0.0,0.0,7,15,1,0,medium
CUST00261,General Nurture,51,1,350.44,3,1,1,5,0.0,0.44,1,0.0,0.0,0,0,0,0,high
CUST00317,General Nurture,100,1,1353.24,2,1,2,5,0.0,0.19,1,0.0,0.0,8,25,1,0,high
CUST00368,General Nurture,55,1,348.81,3,1,1,5,1.0,0.25,1,1.0,1.0,7,12,1,0,medium
CUST00372,General Nurture,56,1,431.11,3,1,1,5,0.0,0.38,1,1.0,0.0,2,18,0,0,medium
CUST00401,General Nurture,66,1,568.99,3,1,1,5,0.0,0.19,1,1.0,1.0,2,12,1,0,medium
CUST00440,General Nurture,64,1,325.03,3,1,1,5,0.0,0.56,1,1.0,1.0,5,8,2,0,medium
CUST00505,General Nurture,125,1,1027.23,2,1,2,5,0.0,0.21,1,0.0,0.0,9,32,1,1,high
CUST00519,General Nurture,81,1,412.42,3,1,1,5,0.0,0.33,1,0.0,0.0,0,11,0,0,high
CUST00542,General Nurture,54,1,576.88,3,1,1,5,0.0,0.3,1,0.0,0.0,1,15,0,1,high
CUST00575,General Nurture,83,1,548.72,3,1,1,5,0.0,0.3,1,1.0,1.0,6,32,1,1,high
CUST00580,General Nurture,74,1,713.84,3,1,1,5,0.0,0.14,1,0.0,0.0,4,17,0,1,medium
CUST00584,General Nurture,83,1,591.05,3,1,1,5,0.0,0.3,1,0.0,0.0,9,12,1,0,high
CUST00588,General Nurture,76,1,649.95,3,1,1,5,0.0,0.19,1,0.0,0.0,6,0,0,0,high
CUST00647,General Nurture,64,1,507.52,3,1,1,5,0.0,0.13,1,1.0,0.0,2,9,1,0,medium
CUST00662,General Nurture,124,1,852.96,2,1,2,5,0.0,0.27,1,0.0,0.0,2,28,0,0,high
CUST00718,General Nurture,117,2,697.62,2,2,1,5,0.0,0.325,2,0.0,0.0,2,35,1,1,high
CUST00723,General Nurture,69,1,546.81,3,1,1,5,0.0,0.1,1,0.0,0.0,7,21,1,1,medium
CUST00728,General Nurture,66,1,396.38,3,1,1,5,1.0,0.22,1,1.0,1.0,6,17,0,0,medium
CUST00738,General Nurture,78,1,545.24,3,1,1,5,1.0,0.18,1,1.0,1.0,8,25,1,2,high
CUST00818,General Nurture,147,1,988.84,2,1,2,5,0.0,0.12,1,0.0,0.0,1,36,0,0,high
CUST00932,General Nurture,83,1,688.68,3,1,1,5,1.0,0.2,1,1.0,1.0,12,29,1,0,high
CUST00951,General Nurture,62,1,602.19,3,1,1,5,0.0,0.12,1,0.0,0.0,6,6,1,2,medium
CUST00980,General Nurture,81,1,492.33,3,1,1,5,0.0,0.26,1,0.0,0.0,4,21,0,1,high
CUST01003,General Nurture,138,1,944.62,2,1,2,5,0.0,0.32,1,0.0,0.0,6,43,2,0,high
CUST01005,General Nurture,144,1,1329.67,2,1,2,5,0.0,0.18,1,0.0,0.0,4,19,0,0,high
CUST01043,General Nurture,74,1,464.25,3,1,1,5,0.0,0.62,1,0.0,0.0,1,8,0,0,high
CUST01046,General Nurture,105,1,1032.89,2,1,2,5,0.0,0.1,1,0.0,0.0,1,9,0,0,high
CUST01114,General Nurture,147,1,831.94,2,1,2,5,0.0,0.34,1,0.0,0.0,1,29,0,0,high
CUST01127,General Nurture,130,2,774.6899999999999,2,2,1,5,0.0,0.325,2,0.0,0.0,1,23,0,0,high
CUST01191,General Nurture,52,1,510.71,3,1,1,5,0.0,0.57,1,0.0,0.0,1,13,0,0,high
CUST01200,General Nurture,58,1,524.27,3,1,1,5,0.0,0.02,1,0.0,0.0,5,7,0,1,medium
CUST01207,General Nurture,110,2,638.4200000000001,2,2,1,5,0.0,0.37,2,0.0,0.0,0,21,0,0,high
CUST01220,General Nurture,98,1,1095.74,2,1,2,5,0.0,0.23,1,0.0,0.0,1,25,0,0,high
CUST01248,General Nurture,103,1,1386.38,2,1,2,5,0.0,0.31,1,0.0,0.0,5,15,0,1,high
CUST01269,General Nurture,57,1,534.09,3,1,1,5,0.0,0.08,1,0.0,0.0,4,18,0,1,medium
CUST01282,General Nurture,78,1,499.65,3,1,1,5,0.0,0.2,1,1.0,0.0,5,22,0,0,high
CUST01305,General Nurture,50,1,311.4,3,1,1,5,0.0,0.45,1,0.0,0.0,8,4,1,0,medium
CUST01333,General Nurture,47,1,420.65,3,1,1,5,0.0,0.18,1,0.0,0.0,2,0,0,1,medium
CUST01340,General Nurture,76,1,624.33,3,1,1,5,0.0,0.07,1,0.0,0.0,5,16,1,0,high
CUST01353,General Nurture,73,1,597.26,3,1,1,5,0.0,0.23,1,1.0,1.0,1,19,0,1,high
CUST01367,General Nurture,56,1,363.62,3,1,1,5,0.0,0.23,1,1.0,1.0,8,16,1,1,medium
CUST01372,General Nurture,71,1,366.8,3,1,1,5,1.0,0.1,1,1.0,1.0,5,31,1,0,medium
CUST01467,General Nurture,89,2,649.13,2,2,1,5,0.0,0.29,1,0.0,0.0,5,17,0,0,high
CUST01486,General Nurture,48,1,770.52,3,1,1,5,0.0,0.23,1,0.0,0.0,5,10,0,0,medium
CUST01513,General Nurture,131,1,1062.28,2,1,2,5,0.0,0.41,1,0.0,0.0,0,35,0,0,high
CUST01538,General Nurture,80,1,346.25,3,1,1,5,0.0,0.32,1,0.0,0.0,8,17,1,1,high
CUST01543,General Nurture,131,1,1270.64,2,1,2,5,0.0,0.3,1,0.0,0.0,8,31,1,2,high
CUST01654,General Nurture,99,1,1073.19,2,1,2,5,0.0,0.24,1,0.0,0.0,2,26,0,2,high
CUST01686,General Nurture,138,1,699.98,2,2,1,5,0.0,0.0,1,0.0,0.0,0,38,0,0,high
CUST01691,General Nurture,89,1,591.46,2,2,1,5,1.0,0.31,1,1.0,1.0,8,17,0,0,high
CUST01750,General Nurture,137,1,556.93,2,2,1,5,0.0,0.42,1,0.0,0.0,4,39,1,0,high
CUST01778,General Nurture,87,1,512.32,2,2,1,5,0.0,0.24,1,0.0,0.0,6,17,1,0,high
CUST01800,General Nurture,122,1,507.22,2,2,1,5,0.0,0.14,1,0.0,0.0,5,25,1,1,high
CUST01835,General Nurture,132,1,710.25,2,2,1,5,0.0,0.28,1,0.0,0.0,15,20,1,2,high
CUST01926,General Nurture,130,1,449.37,2,2,1,5,0.0,0.32,1,0.0,0.0,5,18,0,0,high
CUST01929,General Nurture,163,2,735.4100000000001,1,3,1,5,0.0,0.255,2,0.0,0.0,5,29,1,0,high
CUST01937,General Nurture,120,1,383.33,2,2,1,5,0.0,0.19,1,0.0,0.0,3,27,0,0,high
CUST01945,General Nurture,118,1,554.68,2,2,1,5,0.0,0.29,1,0.0,0.0,0,24,0,0,high
CUST01987,General Nurture,127,1,299.78,2,2,1,5,0.0,0.47,1,0.0,0.0,4,27,1,0,high
CUST02123,General Nurture,108,1,448.88,2,2,1,5,0.0,0.17,1,0.0,0.0,0,17,0,1,high
CUST02233,General Nurture,94,1,515.82,2,2,1,5,0.0,0.3,1,0.0,0.0,4,29,1,0,high
CUST02254,General Nurture,91,1,321.87,2,2,1,5,0.0,0.35,1,1.0,1.0,4,9,1,0,high
CUST02263,General Nurture,118,1,385.7,2,2,1,5,0.0,0.0,1,0.0,0.0,8,31,1,0,high
CUST02318,General Nurture,85,1,514.56,2,2,1,5,0.0,0.3,1,0.0,0.0,3,18,0,1,high
CUST02379,General Nurture,112,1,588.32,2,2,1,5,0.0,0.35,1,0.0,0.0,11,25,1,0,high
CUST02380,General Nurture,136,1,331.92,2,2,1,5,0.0,0.51,1,0.0,0.0,0,29,0,0,high
CUST02396,General Nurture,114,1,553.88,2,2,1,5,0.0,0.23,1,0.0,0.0,1,42,0,0,high
CUST00045,General Nurture,96,1,413.75,2,1,1,4,0.0,0.33,1,0.0,0.0,6,10,0,1,high
CUST00046,General Nurture,127,1,489.87,2,1,1,4,0.0,0.13,1,0.0,0.0,7,29,1,0,high
CUST00060,General Nurture,145,1,293.22,2,1,1,4,0.0,0.36,1,0.0,0.0,5,20,0,0,high
CUST00077,General Nurture,109,1,394.32,2,1,1,4,0.0,0.36,1,0.0,0.0,0,20,0,0,high
CUST00223,General Nurture,103,1,757.58,2,1,1,4,0.0,0.53,1,0.0,0.0,1,20,0,0,high
CUST00491,General Nurture,97,1,540.89,2,1,1,4,1.0,0.24,1,1.0,1.0,10,20,1,1,high
CUST00594,General Nurture,91,1,448.78,2,1,1,4,0.0,0.5,1,0.0,0.0,0,16,0,0,high
CUST00604,General Nurture,90,1,761.72,2,1,1,4,0.0,0.18,1,0.0,0.0,2,16,0,1,high
CUST00606,General Nurture,120,1,240.15,2,1,1,4,0.0,0.24,1,0.0,0.0,7,28,0,0,high
CUST00621,General Nurture,92,1,348.53,2,1,1,4,0.0,0.29,1,0.0,0.0,6,14,1,1,high
CUST00640,General Nurture,130,1,641.86,2,1,1,4,0.0,0.28,1,0.0,0.0,0,25,0,1,high
CUST00703,General Nurture,104,1,360.06,2,1,1,4,0.0,0.31,1,0.0,0.0,3,27,0,0,high
CUST00825,General Nurture,97,1,410.77,2,1,1,4,0.0,0.25,1,0.0,0.0,3,31,0,3,high
CUST00985,General Nurture,85,1,734.6,2,1,1,4,0.0,0.15,1,1.0,1.0,5,20,0,0,high
CUST01020,General Nurture,131,1,236.73,2,1,1,4,0.0,0.33,1,0.0,0.0,1,29,0,0,high
CUST01040,General Nurture,130,1,594.23,2,1,1,4,0.0,0.31,1,0.0,0.0,1,26,0,0,high
CUST01049,General Nurture,144,1,345.2,2,1,1,4,0.0,0.11,1,0.0,0.0,6,25,1,1,high
CUST01059,General Nurture,146,1,601.72,2,1,1,4,0.0,0.31,1,0.0,0.0,5,30,1,0,high
CUST01091,General Nurture,87,1,505.4,2,1,1,4,0.0,0.29,1,1.0,1.0,7,8,0,0,high
CUST01119,General Nurture,124,1,654.67,2,1,1,4,0.0,0.36,1,0.0,0.0,4,19,0,0,high
CUST01141,General Nurture,115,1,691.6,2,1,1,4,0.0,0.19,1,0.0,0.0,2,29,0,0,high
CUST01171,General Nurture,132,1,744.73,2,1,1,4,0.0,0.51,1,0.0,0.0,3,28,0,0,high
CUST01179,General Nurture,108,1,536.83,2,1,1,4,0.0,0.2,1,0.0,0.0,5,8,1,0,high
CUST01181,General Nurture,137,1,296.32,2,1,1,4,0.0,0.3,1,0.0,0.0,2,14,0,0,high
CUST01195,General Nurture,94,1,542.27,2,1,1,4,1.0,0.23,1,0.0,0.0,4,2,0,0,high
CUST01202,General Nurture,132,1,650.67,2,1,1,4,0.0,0.3,1,0.0,0.0,10,33,1,3,high
CUST01225,General Nurture,97,1,620.28,2,1,1,4,0.0,0.03,1,1.0,1.0,3,13,1,0,high
CUST01347,General Nurture,128,1,316.63,2,1,1,4,0.0,0.39,1,0.0,0.0,3,27,1,0,high
CUST01355,General Nurture,88,1,547.04,2,1,1,4,0.0,0.3,1,0.0,0.0,2,28,0,0,high
CUST01374,General Nurture,88,1,282.0,2,1,1,4,0.0,0.19,1,0.0,0.0,5,24,1,0,high
CUST01378,General Nurture,117,1,348.74,2,1,1,4,0.0,0.16,1,0.0,0.0,14,21,1,0,high
CUST01475,General Nurture,114,1,650.36,2,1,1,4,0.0,0.27,1,0.0,0.0,0,18,0,0,high
CUST01537,General Nurture,123,1,355.81,2,1,1,4,0.0,0.32,1,0.0,0.0,3,34,1,0,high
CUST01577,General Nurture,107,1,343.71,2,1,1,4,1.0,0.42,1,0.0,0.0,3,16,1,0,high
CUST01640,General Nurture,105,1,464.57,2,1,1,4,0.0,0.35,1,0.0,0.0,6,12,2,0,high
CUST01780,High Intent Non-Converters,5,3,2803.73,5,3,4,12,0.0,0.27,2,1.0,1.0,8,0,2,0,medium
CUST00176,High Intent Non-Converters,37,3,3830.31,4,3,4,11,0.0,0.3433333333333333,3,0.0,0.0,12,17,3,0,medium
CUST00269,High Intent Non-Converters,30,3,2563.9300000000003,4,3,4,11,0.0,0.33,3,0.0,0.0,11,10,2,1,low
CUST00500,High Intent Non-Converters,43,3,3208.81,4,3,4,11,0.0,0.21,3,0.0,0.0,10,12,3,1,medium
CUST01275,High Intent Non-Converters,34,3,2647.93,4,3,4,11,0.0,0.26666666666666666,3,0.0,0.0,14,0,2,2,low
CUST01560,High Intent Non-Converters,8,3,1682.37,5,3,3,11,0.3333333333333333,0.32666666666666666,2,0.0,0.0,14,6,2,2,low
CUST01700,High Intent Non-Converters,6,3,2536.5,5,3,3,11,0.0,0.32,3,0.0,0.0,14,22,4,2,low
CUST01928,High Intent Non-Converters,6,3,1788.02,5,3,3,11,0.3333333333333333,0.22999999999999998,3,0.0,0.0,14,11,3,3,low
CUST02068,High Intent Non-Converters,7,2,1629.56,5,3,3,11,0.0,0.28,2,0.0,0.0,11,0,2,4,low
CUST00080,High Intent Non-Converters,50,3,2563.41,3,3,4,10,0.0,0.18999999999999997,3,0.0,0.0,11,3,2,0,medium
CUST00128,High Intent Non-Converters,19,2,1716.68,5,2,3,10,0.0,0.42000000000000004,1,0.0,0.0,15,0,4,0,low
CUST00546,High Intent Non-Converters,3,2,2127.37,5,2,3,10,0.0,0.305,2,0.0,0.0,12,0,3,1,low
CUST00551,High Intent Non-Converters,25,3,1964.0,4,3,3,10,0.0,0.19333333333333333,2,0.0,0.0,10,8,3,2,low
CUST01569,High Intent Non-Converters,81,3,3115.0,3,3,4,10,0.0,0.16333333333333333,2,0.0,0.0,20,22,7,0,high
CUST00076,High Intent Non-Converters,20,2,1385.27,5,2,2,9,0.0,0.22000000000000003,1,0.0,0.0,17,8,4,0,low
CUST00173,High Intent Non-Converters,79,5,1431.69,3,4,2,9,0.0,0.384,2,0.0,0.0,10,2,2,0,high
CUST00220,High Intent Non-Converters,25,3,1450.4099999999999,4,3,2,9,0.0,0.21666666666666667,3,1.0,0.0,14,10,2,2,medium
CUST00403,High Intent Non-Converters,21,2,2029.3200000000002,4,2,3,9,0.0,0.12,2,0.0,0.0,15,0,3,1,low
CUST00626,High Intent Non-Converters,9,2,1214.38,5,2,2,9,0.0,0.23,1,1.0,1.0,12,0,3,0,medium
CUST01064,High Intent Non-Converters,6,2,898.3599999999999,5,2,2,9,0.0,0.155,2,0.0,0.0,9,14,3,0,low
CUST01436,High Intent Non-Converters,20,2,2235.76,4,2,3,9,0.0,0.31,2,0.0,0.0,18,2,2,1,low
CUST01464,High Intent Non-Converters,42,2,1743.4,4,2,3,9,0.0,0.25,1,0.0,0.0,13,7,3,3,medium
CUST01557,High Intent Non-Converters,41,3,1524.72,4,3,2,9,0.0,0.19000000000000003,2,0.0,0.0,9,22,2,0,medium
CUST01784,High Intent Non-Converters,67,3,2180.12,3,3,3,9,0.3333333333333333,0.08333333333333333,2,0.0,0.0,12,20,3,0,medium
CUST01855,High Intent Non-Converters,72,3,2387.65,3,3,3,9,0.0,0.26666666666666666,2,1.0,1.0,11,5,2,2,medium
CUST01970,High Intent Non-Converters,84,3,1898.37,3,3,3,9,0.0,0.18333333333333335,1,0.0,0.0,14,17,3,2,high
CUST02141,High Intent Non-Converters,77,2,2337.84,3,3,3,9,0.0,0.22499999999999998,2,0.0,0.0,16,11,3,2,high
CUST02192,High Intent Non-Converters,9,1,911.64,5,2,2,9,0.0,0.0,1,0.0,0.0,10,17,2,2,low
CUST02259,High Intent Non-Converters,42,2,917.25,4,3,2,9,0.0,0.3,2,0.0,0.0,17,8,4,1,medium
CUST00373,High Intent Non-Converters,73,2,1612.8899999999999,3,2,3,8,0.0,0.3,2,0.0,0.0,9,20,2,1,medium
CUST00630,High Intent Non-Converters,93,3,2512.7,2,3,3,8,0.0,0.2866666666666667,3,0.0,0.0,20,13,5,1,high
CUST01074,High Intent Non-Converters,114,3,1784.42,2,3,3,8,0.0,0.24,2,0.0,0.0,12,18,3,0,high
CUST01133,High Intent Non-Converters,36,2,779.1500000000001,4,2,2,8,0.0,0.30000000000000004,2,0.0,0.0,9,2,2,0,medium
CUST01243,High Intent Non-Converters,74,3,1470.48,3,3,2,8,0.0,0.2966666666666667,1,0.0,0.0,8,14,3,0,medium
CUST01465,High Intent Non-Converters,10,2,670.57,5,2,1,8,0.0,0.33499999999999996,1,0.0,0.0,16,0,2,0,low
CUST01831,High Intent Non-Converters,11,1,448.22,5,2,1,8,0.0,0.21,1,1.0,1.0,13,3,3,0,medium
CUST01985,High Intent Non-Converters,75,1,1983.49,3,2,3,8,0.0,0.07,1,0.0,0.0,12,12,5,0,medium
CUST02223,High Intent Non-Converters,10,1,764.96,5,2,1,8,0.0,0.02,1,0.0,0.0,19,0,3,1,low
CUST02336,High Intent Non-Converters,78,2,777.1700000000001,3,3,2,8,0.0,0.225,2,0.0,0.0,13,4,5,2,high
CUST00270,High Intent Non-Converters,75,2,968.72,3,2,2,7,0.0,0.24000000000000002,2,0.0,0.0,8,7,2,2,medium
CUST00419,High Intent Non-Converters,98,2,1795.1,2,2,3,7,0.0,0.30000000000000004,1,0.0,0.0,12,30,2,1,high
CUST00486,High Intent Non-Converters,44,1,810.16,4,1,2,7,0.0,0.05,1,0.0,0.0,10,9,2,0,medium
CUST00490,High Intent Non-Converters,7,1,557.54,5,1,1,7,1.0,0.13,1,1.0,1.0,8,11,2,1,medium
CUST00493,High Intent Non-Converters,108,2,1757.06,2,2,3,7,0.5,0.28500000000000003,2,0.0,0.0,10,21,2,3,high
CUST00686,High Intent Non-Converters,127,3,1409.0900000000001,2,3,2,7,0.0,0.2866666666666667,3,0.0,0.0,21,20,3,1,high
CUST00707,High Intent Non-Converters,189,3,2254.12,1,3,3,7,0.0,0.22333333333333336,3,0.0,0.0,10,19,3,0,high
CUST00805,High Intent Non-Converters,41,1,780.79,4,1,2,7,0.0,0.11,1,0.0,0.0,8,18,3,0,medium
CUST01253,High Intent Non-Converters,99,2,2035.62,2,2,3,7,0.0,0.15,2,0.0,0.0,13,27,2,1,high
CUST01562,High Intent Non-Converters,51,2,1271.3,3,2,2,7,0.5,0.25,2,1.0,1.0,17,4,5,0,medium
CUST00002,High Intent Non-Converters,40,1,581.0,4,1,1,6,0.0,0.23,1,1.0,0.0,8,0,3,0,medium
CUST00294,High Intent Non-Converters,102,1,1714.42,2,1,3,6,0.0,0.12,1,0.0,0.0,15,35,2,6,high
CUST00425,High Intent Non-Converters,113,2,1502.44,2,2,2,6,0.0,0.195,2,0.0,0.0,12,25,2,2,high
CUST00903,High Intent Non-Converters,42,1,632.18,4,1,1,6,0.0,0.34,1,1.0,1.0,13,11,3,0,medium
CUST01106,High Intent Non-Converters,81,1,1006.69,3,1,2,6,0.0,0.03,1,0.0,0.0,14,14,3,2,high
CUST01590,High Intent Non-Converters,129,2,1250.94,2,2,2,6,0.0,0.19,2,0.0,0.0,8,29,2,0,high
CUST00093,High Intent Non-Converters,85,1,759.64,3,1,1,5,0.0,0.12,1,0.0,0.0,16,21,3,4,high
CUST00202,High Intent Non-Converters,141,1,1220.26,2,1,2,5,0.0,0.33,1,0.0,0.0,9,40,2,1,high
CUST00694,High Intent Non-Converters,74,1,345.14,3,1,1,5,0.0,0.23,1,0.0,0.0,14,12,2,0,medium
CUST00753,High Intent Non-Converters,143,1,1093.17,2,1,2,5,0.0,0.16,1,0.0,0.0,9,40,3,0,high
CUST02387,High Intent Non-Converters,97,1,324.03,2,2,1,5,0.0,0.28,1,1.0,1.0,9,23,2,2,high
CUST00620,High Intent Non-Converters,90,1,449.48,2,1,1,4,0.0,0.26,1,1.0,1.0,17,30,3,2,high
CUST01048,High Intent Non-Converters,128,1,616.59,2,1,1,4,0.0,0.05,1,0.0,0.0,8,31,2,0,high
CUST01316,High Intent Non-Converters,120,1,407.44,2,1,1,4,0.0,0.25,1,0.0,0.0,13,14,3,2,high
CUST01412,High Intent Non-Converters,91,1,348.68,2,1,1,4,0.0,0.34,1,0.0,0.0,9,9,2,0,high
CUST01528,High Intent Non-Converters,105,1,424.84,2,1,1,4,0.0,0.55,1,0.0,0.0,13,10,2,0,high
CUST01592,High Intent Non-Converters,117,1,500.86,2,1,1,4,0.0,0.21,1,0.0,0.0,8,26,2,0,high
CUST00014,Loyal Customers,51,11,8130.16,3,5,5,13,0.0,0.2618181818181818,5,0.0,0.0,11,17,2,0,medium
CUST00106,Loyal Customers,61,7,4352.11,3,5,5,13,0.0,0.2814285714285714,4,0.0,0.0,5,21,0,0,medium
CUST00131,Loyal Customers,67,6,6830.01,3,5,5,13,0.0,0.29,3,0.0,0.0,4,14,1,0,medium
CUST00133,Loyal Customers,54,8,5982.58,3,5,5,13,0.0,0.3,4,0.0,0.0,5,12,0,1,medium
CUST00151,Loyal Customers,62,7,5530.69,3,5,5,13,0.0,0.30428571428571427,5,0.0,0.0,7,4,2,0,medium
CUST00228,Loyal Customers,82,7,4150.72,3,5,5,13,0.14285714285714285,0.33428571428571424,4,0.0,0.0,6,11,0,2,high
CUST00248,Loyal Customers,71,7,4187.5599999999995,3,5,5,13,0.0,0.3171428571428571,6,0.0,0.0,2,15,0,0,medium
CUST00276,Loyal Customers,47,6,8721.42,3,5,5,13,0.0,0.22,3,0.0,0.0,9,14,1,1,medium
CUST00287,Loyal Customers,69,6,6236.95,3,5,5,13,0.0,0.2866666666666667,5,0.0,0.0,8,15,2,1,medium
CUST00291,Loyal Customers,58,9,5604.34,3,5,5,13,0.2222222222222222,0.33555555555555555,5,1.0,1.0,4,23,1,1,medium
CUST00346,Loyal Customers,72,11,10011.3,3,5,5,13,0.18181818181818182,0.25363636363636366,4,0.0,0.0,13,7,2,1,medium
CUST00385,Loyal Customers,63,7,5606.02,3,5,5,13,0.0,0.29714285714285715,4,0.0,0.0,6,25,1,1,medium
CUST00397,Loyal Customers,79,11,9647.73,3,5,5,13,0.0,0.21545454545454545,5,1.0,1.0,3,22,1,2,high
CUST00409,Loyal Customers,58,7,4946.35,3,5,5,13,0.42857142857142855,0.2671428571428572,4,1.0,1.0,11,4,2,1,medium
CUST00442,Loyal Customers,69,8,4905.34,3,5,5,13,0.0,0.36,4,0.0,0.0,2,22,0,0,medium
CUST00492,Loyal Customers,61,6,5426.94,3,5,5,13,0.16666666666666666,0.32333333333333336,3,0.0,0.0,0,16,0,0,high
CUST00538,Loyal Customers,70,6,4026.69,3,5,5,13,0.0,0.10833333333333334,4,0.0,0.0,5,10,1,2,medium
CUST00539,Loyal Customers,65,8,7874.25,3,5,5,13,0.0,0.21,4,0.0,0.0,1,11,0,1,medium
CUST00540,Loyal Customers,56,7,5087.94,3,5,5,13,0.0,0.3057142857142857,4,0.0,0.0,3,16,0,0,medium
CUST00631,Loyal Customers,68,10,6076.9,3,5,5,13,0.1,0.388,4,0.0,0.0,0,5,0,0,medium
CUST00655,Loyal Customers,79,8,5295.41,3,5,5,13,0.0,0.27875,5,0.0,0.0,0,15,0,0,high
CUST00663,Loyal Customers,64,8,5700.78,3,5,5,13,0.125,0.3375,4,0.0,0.0,14,26,1,0,medium
CUST00674,Loyal Customers,56,8,4178.67,3,5,5,13,0.0,0.28875,4,0.0,0.0,14,12,1,0,medium
CUST00679,Loyal Customers,83,8,6252.95,3,5,5,13,0.0,0.33,5,0.0,0.0,3,18,0,3,high
CUST00702,Loyal Customers,77,6,8044.75,3,5,5,13,0.16666666666666666,0.21333333333333335,4,1.0,1.0,2,16,0,0,high
CUST00748,Loyal Customers,58,7,4244.5,3,5,5,13,0.0,0.1942857142857143,3,0.0,0.0,5,0,1,0,medium
CUST00758,Loyal Customers,78,10,6808.01,3,5,5,13,0.0,0.27,5,0.0,0.0,13,19,1,1,high
CUST00787,Loyal Customers,48,7,5769.13,3,5,5,13,0.0,0.27714285714285714,5,0.0,0.0,2,7,1,0,medium
CUST00798,Loyal Customers,57,10,6339.86,3,5,5,13,0.0,0.278,5,0.0,0.0,8,5,2,1,medium
CUST00803,Loyal Customers,53,7,5289.43,3,5,5,13,0.0,0.24571428571428572,4,0.0,0.0,2,16,0,2,medium
CUST00822,Loyal Customers,76,6,4218.62,3,5,5,13,0.0,0.3183333333333333,3,1.0,0.0,10,30,1,0,high
CUST00829,Loyal Customers,62,10,6268.52,3,5,5,13,0.0,0.316,3,0.0,0.0,9,6,0,3,medium
CUST00840,Loyal Customers,58,10,9432.94,3,5,5,13,0.0,0.26999999999999996,3,0.0,0.0,3,0,1,0,medium
CUST00923,Loyal Customers,57,7,4149.83,3,5,5,13,0.0,0.27714285714285714,5,1.0,1.0,8,16,1,0,medium
CUST00944,Loyal Customers,74,6,4456.65,3,5,5,13,0.16666666666666666,0.24833333333333332,3,1.0,1.0,1,15,0,1,high
CUST00971,Loyal Customers,62,8,5099.62,3,5,5,13,0.0,0.285,5,0.0,0.0,20,9,1,2,medium
CUST01056,Loyal Customers,64,6,4860.58,3,5,5,13,0.3333333333333333,0.20833333333333334,5,1.0,1.0,3,3,1,0,medium
CUST01084,Loyal Customers,76,8,4552.1900000000005,3,5,5,13,0.0,0.2525,5,0.0,0.0,3,25,1,0,high
CUST01094,Loyal Customers,72,6,4050.79,3,5,5,13,0.0,0.235,3,0.0,0.0,1,15,1,0,medium
CUST01102,Loyal Customers,79,7,4318.54,3,5,5,13,0.0,0.22714285714285715,5,0.0,0.0,7,20,1,0,high
CUST01134,Loyal Customers,78,6,5861.26,3,5,5,13,0.0,0.2916666666666667,3,0.0,0.0,13,9,1,0,high
CUST01175,Loyal Customers,48,8,5633.0,3,5,5,13,0.0,0.27,6,0.0,0.0,9,7,0,1,medium
CUST01204,Loyal Customers,81,7,4565.2699999999995,3,5,5,13,0.0,0.3085714285714286,4,0.0,0.0,0,17,0,0,high
CUST01233,Loyal Customers,64,7,6627.36,3,5,5,13,0.0,0.2414285714285714,3,0.0,0.0,8,5,1,0,medium
CUST01238,Loyal Customers,68,6,4787.57,3,5,5,13,0.0,0.2866666666666667,4,1.0,1.0,1,14,0,1,medium
CUST01251,Loyal Customers,52,11,6352.58,3,5,5,13,0.18181818181818182,0.33,3,0.0,0.0,3,10,1,1,medium
CUST01266,Loyal Customers,51,6,4779.33,3,5,5,13,0.16666666666666666,0.11,4,0.0,0.0,8,17,1,0,medium
CUST01267,Loyal Customers,58,8,5703.88,3,5,5,13,0.0,0.1975,4,1.0,1.0,2,26,0,1,medium
CUST01306,Loyal Customers,54,6,7388.34,3,5,5,13,0.16666666666666666,0.24,3,0.0,0.0,2,6,1,2,medium
CUST01459,Loyal Customers,68,6,4817.95,3,5,5,13,0.0,0.15333333333333335,3,0.0,0.0,4,18,1,0,medium
CUST01582,Loyal Customers,58,7,4264.93,3,5,5,13,0.2857142857142857,0.2742857142857143,4,1.0,1.0,5,14,0,1,medium
CUST01658,Loyal Customers,56,8,7356.57,3,5,5,13,0.0,0.22125,4,2.0,0.0,3,13,1,0,medium
CUST01698,Loyal Customers,68,8,7824.55,3,5,5,13,0.25,0.31,4,1.0,1.0,5,0,1,1,medium
CUST01760,Loyal Customers,69,7,5472.3099999999995,3,5,5,13,0.0,0.21857142857142858,3,0.0,0.0,2,5,1,0,medium
CUST01762,Loyal Customers,66,8,5954.5,3,5,5,13,0.0,0.33375,3,0.0,0.0,1,16,0,0,high
CUST01846,Loyal Customers,76,7,4758.75,3,5,5,13,0.0,0.34142857142857147,4,0.0,0.0,5,10,1,0,high
CUST01857,Loyal Customers,74,9,5573.32,3,5,5,13,0.0,0.4077777777777778,5,0.0,0.0,1,7,0,0,high
CUST01869,Loyal Customers,52,8,5254.78,3,5,5,13,0.125,0.44,5,0.0,0.0,13,17,0,0,medium
CUST01900,Loyal Customers,75,7,5287.41,3,5,5,13,0.0,0.23857142857142857,4,0.0,0.0,9,0,0,2,medium
CUST01914,Loyal Customers,83,6,5482.889999999999,3,5,5,13,0.16666666666666666,0.25333333333333335,2,0.0,0.0,7,15,1,0,high
CUST01941,Loyal Customers,47,9,5847.1900000000005,3,5,5,13,0.1111111111111111,0.28777777777777774,4,1.0,1.0,11,14,3,0,medium
CUST01954,Loyal Customers,50,10,7300.599999999999,3,5,5,13,0.2,0.31100000000000005,2,0.0,0.0,2,12,1,0,medium
CUST01966,Loyal Customers,49,6,5099.78,3,5,5,13,0.16666666666666666,0.20333333333333334,5,0.0,0.0,9,16,1,0,medium
CUST01991,Loyal Customers,65,7,5405.02,3,5,5,13,0.14285714285714285,0.1457142857142857,5,1.0,1.0,8,13,1,0,medium
CUST01994,Loyal Customers,83,6,4371.35,3,5,5,13,0.0,0.30833333333333335,5,0.0,0.0,0,11,0,0,high
CUST02019,Loyal Customers,55,7,4765.56,3,5,5,13,0.14285714285714285,0.2885714285714286,3,1.0,1.0,7,14,0,0,medium
CUST02047,Loyal Customers,61,7,6827.32,3,5,5,13,0.0,0.21428571428571427,3,0.0,0.0,1,16,0,0,medium
CUST02067,Loyal Customers,55,7,8726.75,3,5,5,13,0.0,0.2857142857142857,4,1.0,1.0,5,9,1,0,medium
CUST02106,Loyal Customers,46,8,20239.78,3,5,5,13,0.125,0.32,4,1.0,1.0,7,14,2,1,medium
CUST02153,Loyal Customers,78,6,6234.7,3,5,5,13,0.0,0.33166666666666667,4,1.0,1.0,3,12,0,0,high
CUST02194,Loyal Customers,67,5,7337.07,3,5,5,13,0.0,0.196,4,0.0,0.0,11,12,1,0,medium
CUST02226,Loyal Customers,49,10,7516.83,3,5,5,13,0.1,0.322,5,1.0,1.0,5,10,0,0,medium
CUST02238,Loyal Customers,57,10,6304.62,3,5,5,13,0.2,0.278,4,1.0,1.0,2,4,0,0,medium
CUST02245,Loyal Customers,83,8,4970.59,3,5,5,13,0.125,0.255,4,0.0,0.0,7,29,1,1,high
CUST02253,Loyal Customers,67,7,5056.679999999999,3,5,5,13,0.0,0.24857142857142858,4,0.0,0.0,9,15,1,0,medium
CUST02257,Loyal Customers,60,5,4038.65,3,5,5,13,0.0,0.258,4,1.0,1.0,3,2,1,0,medium
CUST02288,Loyal Customers,58,5,4722.57,3,5,5,13,0.2,0.27999999999999997,4,0.0,0.0,1,21,0,0,medium
CUST02290,Loyal Customers,76,5,5620.530000000001,3,5,5,13,0.2,0.28200000000000003,3,1.0,1.0,6,7,1,0,high
CUST02325,Loyal Customers,14,5,2255.7400000000002,5,5,3,13,0.2,0.354,4,0.0,0.0,12,0,1,0,low
CUST02330,Loyal Customers,75,6,6079.95,3,5,5,13,0.16666666666666666,0.25166666666666665,4,1.0,1.0,4,3,0,0,medium
CUST02398,Loyal Customers,49,7,4117.02,3,5,5,13,0.14285714285714285,0.31285714285714283,3,0.0,0.0,4,10,1,0,medium
CUST00034,Loyal Customers,50,6,3353.01,3,5,4,12,0.0,0.26166666666666666,3,1.0,1.0,7,0,2,2,medium
CUST00157,Loyal Customers,0,5,2269.91,5,4,3,12,0.0,0.238,3,0.0,0.0,3,5,0,1,low
CUST00168,Loyal Customers,85,4,4159.16,3,4,5,12,0.0,0.1625,3,0.0,0.0,2,29,0,0,high
CUST00234,Loyal Customers,17,4,2458.9700000000003,5,4,3,12,0.0,0.195,3,0.0,0.0,6,0,1,0,low
CUST00242,Loyal Customers,82,6,3655.25,3,5,4,12,0.0,0.29833333333333334,3,0.0,0.0,11,5,1,5,high
CUST00285,Loyal Customers,13,4,2158.18,5,4,3,12,0.0,0.3175,1,0.0,0.0,10,16,1,0,low
CUST00300,Loyal Customers,5,4,2276.6099999999997,5,4,3,12,0.0,0.3725,2,0.0,0.0,5,1,0,0,low
CUST00318,Loyal Customers,47,5,5959.01,3,4,5,12,0.0,0.244,3,0.0,0.0,2,8,0,0,medium
CUST00356,Loyal Customers,7,5,2474.34,5,4,3,12,0.0,0.242,4,0.0,0.0,10,7,1,1,low
CUST00484,Loyal Customers,62,5,5407.55,3,4,5,12,0.2,0.16799999999999998,2,1.0,1.0,9,16,0,0,medium
CUST00512,Loyal Customers,16,4,2468.63,5,4,3,12,0.0,0.2025,3,1.0,0.0,6,9,1,0,medium
CUST00536,Loyal Customers,55,4,4432.75,3,4,5,12,0.0,0.1825,4,0.0,0.0,14,1,4,1,medium
CUST00572,Loyal Customers,51,6,3305.75,3,5,4,12,0.0,0.2816666666666667,3,0.0,0.0,8,24,0,0,medium
CUST00589,Loyal Customers,71,5,4196.7699999999995,3,4,5,12,0.0,0.262,4,1.0,1.0,4,0,0,1,medium
CUST00619,Loyal Customers,2,5,2211.2000000000003,5,4,3,12,0.0,0.32,2,0.0,0.0,8,12,2,0,low
CUST00637,Loyal Customers,60,5,5246.29,3,4,5,12,0.0,0.33799999999999997,3,0.0,0.0,1,15,0,0,high
CUST00689,Loyal Customers,70,4,4514.3099999999995,3,4,5,12,0.0,0.1,4,0.0,0.0,13,19,4,0,medium
CUST00712,Loyal Customers,4,4,1928.79,5,4,3,12,0.0,0.3225,3,0.0,0.0,2,0,1,0,low
CUST00735,Loyal Customers,12,4,1973.4,5,4,3,12,0.0,0.47000000000000003,1,0.0,0.0,1,0,0,0,low
CUST00767,Loyal Customers,75,7,3498.46,3,5,4,12,0.0,0.3314285714285714,4,1.0,1.0,7,18,0,3,medium
CUST00799,Loyal Customers,56,6,3798.88,3,5,4,12,0.0,0.2816666666666667,3,0.0,0.0,2,7,0,0,medium
CUST00834,Loyal Customers,2,4,2049.66,5,4,3,12,0.0,0.48,3,0.0,0.0,6,6,0,0,low
CUST00842,Loyal Customers,71,5,5478.280000000001,3,4,5,12,0.0,0.258,3,1.0,1.0,1,1,0,0,medium
CUST00857,Loyal Customers,67,5,5033.19,3,4,5,12,0.2,0.286,4,1.0,1.0,3,4,0,1,medium
CUST00880,Loyal Customers,16,4,2399.63,5,4,3,12,0.25,0.19999999999999998,3,0.0,0.0,11,21,2,0,low
CUST00959,Loyal Customers,63,7,3865.13,3,5,4,12,0.14285714285714285,0.3085714285714286,3,0.0,0.0,0,20,0,0,medium
CUST00972,Loyal Customers,64,5,5941.2,3,4,5,12,0.0,0.27799999999999997,4,0.0,0.0,5,8,1,4,medium
CUST01027,Loyal Customers,58,4,4029.9500000000003,3,4,5,12,0.0,0.175,3,1.0,1.0,11,12,2,0,medium
CUST01156,Loyal Customers,7,4,2151.96,5,4,3,12,0.0,0.3775,3,0.0,0.0,5,5,1,0,low
CUST01297,Loyal Customers,2,4,1798.5700000000002,5,4,3,12,0.0,0.27,3,1.0,1.0,6,4,1,0,medium
CUST01327,Loyal Customers,83,5,6114.08,3,4,5,12,0.0,0.22799999999999998,2,0.0,0.0,10,4,1,2,high
CUST01383,Loyal Customers,13,4,2106.63,5,4,3,12,0.0,0.1975,2,1.0,1.0,14,3,0,0,medium
CUST01420,Loyal Customers,67,4,4338.21,3,4,5,12,0.0,0.3225,4,1.0,0.0,14,14,2,1,medium
CUST01453,Loyal Customers,82,4,4084.96,3,4,5,12,0.0,0.295,4,0.0,0.0,7,9,1,1,high
CUST01471,Loyal Customers,77,6,3471.86,3,5,4,12,0.0,0.4066666666666667,4,0.0,0.0,8,21,0,0,high
CUST01492,Loyal Customers,62,4,5478.3,3,4,5,12,0.5,0.105,3,1.0,1.0,10,18,1,0,medium
CUST01548,Loyal Customers,49,6,3110.35,3,5,4,12,0.16666666666666666,0.29,4,0.0,0.0,2,18,0,0,medium
CUST01573,Loyal Customers,78,5,4071.61,3,4,5,12,0.0,0.284,4,1.0,1.0,7,13,2,0,high
CUST01601,Loyal Customers,49,5,4997.61,3,4,5,12,0.0,0.306,3,1.0,0.0,6,1,1,0,medium
CUST01618,Loyal Customers,84,6,4011.61,3,5,4,12,0.0,0.215,4,0.0,0.0,2,30,0,0,high
CUST01646,Loyal Customers,66,7,3917.38,3,5,4,12,0.0,0.2642857142857143,4,0.0,0.0,10,5,1,0,medium
CUST01671,Loyal Customers,79,5,4824.19,3,4,5,12,0.2,0.374,4,1.0,1.0,1,22,0,0,high
CUST01678,Loyal Customers,50,6,3935.61,3,5,4,12,0.0,0.26666666666666666,3,0.0,0.0,1,11,0,0,high
CUST01727,Loyal Customers,1,4,1657.76,5,4,3,12,0.0,0.325,2,0.0,0.0,13,1,3,0,low
CUST01769,Loyal Customers,55,5,5381.57,3,4,5,12,0.2,0.186,4,0.0,0.0,10,11,1,3,medium
CUST01875,Loyal Customers,74,7,3162.7799999999997,3,5,4,12,0.0,0.42857142857142855,4,0.0,0.0,0,13,0,0,high
CUST01943,Loyal Customers,52,4,4844.02,3,4,5,12,0.25,0.23500000000000001,3,0.0,0.0,10,23,2,0,medium
CUST01981,Loyal Customers,84,4,4730.360000000001,3,4,5,12,0.0,0.235,4,0.0,0.0,13,12,4,2,high
CUST02049,Loyal Customers,81,6,3627.55,3,5,4,12,0.0,0.215,2,0.0,0.0,6,21,0,1,high
CUST02055,Loyal Customers,73,6,3391.84,3,5,4,12,0.0,0.24833333333333332,3,0.0,0.0,1,13,0,0,medium
CUST02105,Loyal Customers,15,4,2058.2,5,4,3,12,0.25,0.1,3,0.0,0.0,1,0,0,0,low
CUST02244,Loyal Customers,5,4,2406.37,5,4,3,12,0.0,0.255,3,0.0,0.0,5,0,0,1,low
CUST02292,Loyal Customers,4,4,2077.06,5,4,3,12,0.25,0.2825,3,1.0,1.0,2,4,0,0,medium
CUST02352,Loyal Customers,8,4,2251.45,5,4,3,12,0.0,0.255,3,0.0,0.0,3,15,1,0,low
CUST00086,Loyal Customers,21,5,2195.41,4,4,3,11,0.0,0.266,1,1.0,1.0,7,0,1,2,medium
CUST00175,Loyal Customers,59,4,3568.3199999999997,3,4,4,11,0.0,0.225,3,0.0,0.0,5,14,1,0,medium
CUST00243,Loyal Customers,69,4,3129.06,3,4,4,11,0.25,0.395,1,1.0,0.0,3,22,1,0,medium
CUST00278,Loyal Customers,69,4,2768.06,3,4,4,11,0.0,0.265,2,1.0,0.0,7,22,0,0,medium
CUST00303,Loyal Customers,48,5,3674.2,3,4,4,11,0.2,0.21200000000000002,4,0.0,0.0,6,12,0,1,medium
CUST00336,Loyal Customers,29,4,1900.82,4,4,3,11,0.0,0.2225,2,0.0,0.0,5,2,1,0,low
CUST00349,Loyal Customers,74,4,3794.38,3,4,4,11,0.0,0.2475,3,0.0,0.0,2,18,0,0,medium
CUST00362,Loyal Customers,23,4,2137.19,4,4,3,11,0.0,0.31,3,0.0,0.0,12,7,1,0,low
CUST00428,Loyal Customers,74,5,2817.05,3,4,4,11,0.0,0.31,2,0.0,0.0,1,10,0,0,medium
CUST00436,Loyal Customers,49,4,2770.92,3,4,4,11,0.0,0.2,2,0.0,0.0,2,23,0,0,medium
CUST00517,Loyal Customers,59,5,2777.25,3,4,4,11,0.0,0.288,3,0.0,0.0,2,8,1,3,medium
CUST00534,Loyal Customers,74,5,3110.46,3,4,4,11,0.0,0.23200000000000004,2,0.0,0.0,4,18,0,0,medium
CUST00577,Loyal Customers,72,5,3560.2299999999996,3,4,4,11,0.0,0.236,2,0.0,0.0,7,26,0,2,medium
CUST00596,Loyal Customers,50,4,2927.96,3,4,4,11,0.0,0.32499999999999996,3,1.0,1.0,13,9,1,1,medium
CUST00597,Loyal Customers,52,4,3041.18,3,4,4,11,0.0,0.345,4,1.0,1.0,0,9,0,0,high
CUST00656,Loyal Customers,67,4,3207.37,3,4,4,11,0.0,0.22999999999999998,2,0.0,0.0,16,6,2,0,medium
CUST00700,Loyal Customers,49,4,3589.62,3,4,4,11,0.0,0.1675,4,0.0,0.0,1,22,0,0,high
CUST00808,Loyal Customers,53,5,2738.81,3,4,4,11,0.2,0.4,3,1.0,1.0,16,21,1,0,medium
CUST00819,Loyal Customers,28,4,2164.49,4,4,3,11,0.0,0.1775,2,0.0,0.0,5,0,1,0,low
CUST00901,Loyal Customers,35,4,2025.21,4,4,3,11,0.0,0.245,2,2.0,0.0,9,11,2,0,medium
CUST00920,Loyal Customers,66,4,3650.77,3,4,4,11,0.5,0.27749999999999997,3,1.0,1.0,12,12,0,3,medium
CUST00974,Loyal Customers,79,5,3559.55,3,4,4,11,0.2,0.264,2,0.0,0.0,11,12,2,0,high
CUST00986,Loyal Customers,62,5,3357.17,3,4,4,11,0.0,0.33799999999999997,3,0.0,0.0,1,3,0,0,medium
CUST00998,Loyal Customers,63,4,3519.26,3,4,4,11,0.0,0.2,3,0.0,0.0,6,23,1,0,medium
CUST01002,Loyal Customers,71,5,2761.33,3,4,4,11,0.0,0.22199999999999998,3,0.0,0.0,11,12,1,0,medium
CUST01076,Loyal Customers,83,6,2467.42,3,5,3,11,0.0,0.33166666666666667,5,0.0,0.0,2,6,1,0,high
CUST01086,Loyal Customers,71,5,3512.67,3,4,4,11,0.2,0.354,4,1.0,1.0,8,0,1,0,medium
CUST01154,Loyal Customers,55,4,2889.22,3,4,4,11,0.0,0.335,4,0.0,0.0,11,10,1,3,medium
CUST01159,Loyal Customers,68,5,3132.18,3,4,4,11,0.0,0.314,3,0.0,0.0,2,7,0,0,medium
CUST01173,Loyal Customers,78,5,3912.61,3,4,4,11,0.0,0.22200000000000003,4,0.0,0.0,9,18,0,0,high
CUST01184,Loyal Customers,30,4,2161.4,4,4,3,11,0.0,0.265,3,0.0,0.0,5,25,1,1,low
CUST01192,Loyal Customers,24,4,2428.7599999999998,4,4,3,11,0.0,0.14250000000000002,3,0.0,0.0,11,14,1,0,low
CUST01215,Loyal Customers,80,4,3464.2299999999996,3,4,4,11,0.0,0.2,3,0.0,0.0,0,25,0,2,high
CUST01249,Loyal Customers,57,4,2733.47,3,4,4,11,0.0,0.2025,3,0.0,0.0,12,11,4,4,medium
CUST01304,Loyal Customers,27,5,2476.58,4,4,3,11,0.0,0.238,4,0.0,0.0,8,0,1,0,low
CUST01335,Loyal Customers,75,4,3549.84,3,4,4,11,0.0,0.24250000000000002,3,1.0,1.0,6,0,1,0,medium
CUST01362,Loyal Customers,80,4,2803.19,3,4,4,11,0.0,0.32,3,0.0,0.0,16,6,2,1,high
CUST01363,Loyal Customers,83,4,3031.55,3,4,4,11,0.0,0.295,3,0.0,0.0,7,11,2,2,high
CUST01389,Loyal Customers,70,4,2967.57,3,4,4,11,0.0,0.23,4,0.0,0.0,5,3,0,2,medium
CUST01466,Loyal Customers,56,4,2864.6,3,4,4,11,0.25,0.21250000000000002,3,0.0,0.0,2,4,1,1,medium
CUST01473,Loyal Customers,48,4,2917.27,3,4,4,11,0.0,0.265,4,0.0,0.0,5,9,0,1,medium
CUST01554,Loyal Customers,75,4,3977.0899999999997,3,4,4,11,0.0,0.2725,3,0.0,0.0,8,4,0,1,medium
CUST01596,Loyal Customers,60,5,3906.69,3,4,4,11,0.2,0.298,3,0.0,0.0,7,13,1,1,medium
CUST01604,Loyal Customers,49,6,2549.4,3,5,3,11,0.0,0.33166666666666667,2,0.0,0.0,17,33,4,1,medium
CUST01617,Loyal Customers,71,4,3694.23,3,4,4,11,0.25,0.2525,4,1.0,1.0,9,6,3,0,medium
CUST01626,Loyal Customers,28,4,2267.6099999999997,4,4,3,11,0.0,0.34750000000000003,4,0.0,0.0,6,1,1,0,low
CUST01645,Loyal Customers,74,4,3081.21,3,4,4,11,0.0,0.2425,3,0.0,0.0,9,14,4,1,medium
CUST01681,Loyal Customers,53,4,3363.76,3,4,4,11,0.0,0.225,2,0.0,0.0,6,10,1,0,medium
CUST01687,Loyal Customers,81,5,2765.61,3,4,4,11,0.0,0.236,2,0.0,0.0,3,24,0,0,high
CUST01771,Loyal Customers,58,4,2990.29,3,4,4,11,0.0,0.1975,3,0.0,0.0,14,0,1,1,medium
CUST01811,Loyal Customers,69,4,3016.58,3,4,4,11,0.0,0.31,3,1.0,0.0,7,22,1,2,medium
CUST01826,Loyal Customers,57,5,3208.37,3,4,4,11,0.0,0.3,3,0.0,0.0,0,15,0,0,medium
CUST01830,Loyal Customers,27,4,2433.02,4,4,3,11,0.0,0.235,4,1.0,1.0,2,4,0,0,medium
CUST01912,Loyal Customers,43,4,1992.5,4,4,3,11,0.0,0.3075,2,0.0,0.0,13,10,1,0,medium
CUST01938,Loyal Customers,45,4,1866.8,4,4,3,11,0.5,0.2175,3,0.0,0.0,4,0,1,0,medium
CUST01961,Loyal Customers,79,4,3056.04,3,4,4,11,0.0,0.275,4,0.0,0.0,1,16,1,1,high
CUST01967,Loyal Customers,28,4,1574.64,4,4,3,11,0.0,0.28,2,1.0,1.0,12,2,1,0,medium
CUST01975,Loyal Customers,57,5,3442.37,3,4,4,11,0.0,0.282,3,0.0,0.0,9,6,1,0,medium
CUST01990,Loyal Customers,59,4,3877.7699999999995,3,4,4,11,0.0,0.22499999999999998,3,0.0,0.0,11,7,2,1,medium
CUST02063,Loyal Customers,38,4,1973.4899999999998,4,4,3,11,0.25,0.28,3,1.0,1.0,7,19,1,1,medium
CUST02136,Loyal Customers,84,4,3776.61,3,4,4,11,0.25,0.2575,3,0.0,0.0,4,9,1,0,high
CUST02209,Loyal Customers,22,4,1867.09,4,4,3,11,0.0,0.27,4,0.0,0.0,11,0,1,0,low
CUST02229,Loyal Customers,75,4,3538.13,3,4,4,11,0.0,0.225,3,0.0,0.0,9,19,1,1,medium
CUST02256,Loyal Customers,42,4,2003.71,4,4,3,11,0.0,0.3275,2,0.0,0.0,12,10,3,1,medium
CUST02275,Loyal Customers,21,4,1569.5,4,4,3,11,0.0,0.265,3,0.0,0.0,5,0,0,0,low
CUST02296,Loyal Customers,73,5,2333.01,3,5,3,11,0.0,0.32,2,1.0,1.0,11,3,2,1,medium
CUST02335,Loyal Customers,40,4,2535.74,4,4,3,11,0.0,0.1875,3,0.0,0.0,7,13,1,1,medium
CUST02367,Loyal Customers,70,4,2571.52,3,4,4,11,0.0,0.2925,4,1.0,0.0,5,15,1,4,medium
CUST00090,Loyal Customers,80,4,1966.31,3,4,3,10,0.0,0.375,3,0.0,0.0,5,36,1,0,high
CUST00174,Loyal Customers,86,6,2361.28,2,5,3,10,0.16666666666666666,0.31166666666666665,4,0.0,0.0,14,24,3,0,high
CUST00377,Loyal Customers,80,4,2214.32,3,4,3,10,0.0,0.2625,3,0.0,0.0,10,16,0,0,high
CUST00625,Loyal Customers,66,4,2155.58,3,4,3,10,0.0,0.3275,3,0.0,0.0,2,0,1,0,medium
CUST00975,Loyal Customers,50,4,2517.6099999999997,3,4,3,10,0.0,0.3075,3,0.0,0.0,11,4,1,0,medium
CUST01038,Loyal Customers,52,4,1834.46,3,4,3,10,0.0,0.2375,3,1.0,1.0,4,5,1,1,medium
CUST01103,Loyal Customers,76,4,2384.85,3,4,3,10,0.0,0.175,3,1.0,1.0,0,15,0,1,high
CUST01278,Loyal Customers,65,4,2385.52,3,4,3,10,0.25,0.25,3,0.0,0.0,1,6,0,0,medium
CUST01321,Loyal Customers,99,6,2320.32,2,5,3,10,0.16666666666666666,0.3183333333333333,3,0.0,0.0,12,17,0,2,high
CUST01422,Loyal Customers,58,4,2154.09,3,4,3,10,0.25,0.16,2,1.0,1.0,3,17,0,0,medium
CUST01525,Loyal Customers,56,4,2175.72,3,4,3,10,0.0,0.31,4,0.0,0.0,1,19,0,0,medium
CUST01624,Loyal Customers,75,4,2439.45,3,4,3,10,0.25,0.27,3,0.0,0.0,11,11,1,0,medium
CUST01695,Loyal Customers,72,4,1763.04,3,4,3,10,0.0,0.28500000000000003,3,0.0,0.0,22,2,3,4,medium
CUST01921,Loyal Customers,75,4,2532.17,3,4,3,10,0.0,0.15000000000000002,4,0.0,0.0,9,20,2,0,medium
CUST01974,Loyal Customers,54,5,2533.77,3,4,3,10,0.0,0.238,3,1.0,0.0,9,2,0,0,medium
CUST02097,Loyal Customers,59,4,2180.25,3,4,3,10,0.0,0.325,3,0.0,0.0,5,3,1,0,medium
CUST02252,Loyal Customers,62,4,2123.62,3,4,3,10,0.0,0.305,2,0.0,0.0,1,16,0,0,high
CUST00117,Loyal Customers,123,4,2534.33,2,4,3,9,0.0,0.16499999999999998,4,0.0,0.0,2,27,0,0,high
CUST00235,Loyal Customers,125,4,2278.82,2,4,3,9,0.0,0.225,3,0.0,0.0,2,29,0,0,high
CUST00296,Loyal Customers,132,4,1989.83,2,4,3,9,0.0,0.195,4,0.0,0.0,2,30,1,0,high
CUST00343,Loyal Customers,94,5,2489.52,2,4,3,9,0.0,0.248,2,0.0,0.0,7,20,2,1,high
CUST00353,Loyal Customers,118,4,1755.1200000000001,2,4,3,9,0.0,0.25,2,0.0,0.0,4,27,0,1,high
CUST00452,Loyal Customers,256,6,1929.85,1,5,3,9,0.0,0.38999999999999996,3,0.0,0.0,2,53,0,0,high
CUST00586,Loyal Customers,128,4,1853.61,2,4,3,9,0.0,0.27,4,0.0,0.0,1,22,0,0,high
CUST00623,Loyal Customers,108,4,1945.71,2,4,3,9,0.25,0.3225,4,0.0,0.0,18,15,1,2,high
CUST00634,Loyal Customers,118,4,1711.76,2,4,3,9,0.25,0.22000000000000003,2,0.0,0.0,1,32,0,0,high
CUST00684,Loyal Customers,140,4,2472.73,2,4,3,9,0.0,0.23750000000000002,3,0.0,0.0,2,2,0,0,high
CUST00915,Loyal Customers,113,4,2277.22,2,4,3,9,0.0,0.25,4,0.0,0.0,1,26,0,0,high
CUST00982,Loyal Customers,90,4,1862.8899999999999,2,4,3,9,0.0,0.32999999999999996,3,0.0,0.0,4,11,1,2,high
CUST01007,Loyal Customers,86,4,1916.8200000000002,2,4,3,9,0.0,0.3125,3,0.0,0.0,5,9,1,2,high
CUST01104,Loyal Customers,99,4,2069.01,2,4,3,9,0.0,0.3875,3,0.0,0.0,8,34,0,0,high
CUST01113,Loyal Customers,107,4,1674.12,2,4,3,9,0.25,0.445,3,0.0,0.0,8,13,2,0,high
CUST01130,Loyal Customers,99,4,2506.58,2,4,3,9,0.0,0.3225,4,0.0,0.0,6,27,1,0,high
CUST01138,Loyal Customers,134,5,2475.44,2,4,3,9,0.0,0.23399999999999999,3,0.0,0.0,2,37,0,0,high
CUST01229,Loyal Customers,147,4,1965.74,2,4,3,9,0.25,0.235,3,0.0,0.0,5,8,1,0,high
CUST01276,Loyal Customers,120,4,2151.47,2,4,3,9,0.25,0.33,3,0.0,0.0,3,22,0,0,high
CUST01301,Loyal Customers,85,4,1662.8999999999999,2,4,3,9,0.0,0.38,3,0.0,0.0,4,25,1,0,high
CUST01348,Loyal Customers,140,4,2160.61,2,4,3,9,0.25,0.245,3,0.0,0.0,3,22,1,0,high
CUST01393,Loyal Customers,85,4,2203.42,2,4,3,9,0.0,0.26,4,0.0,0.0,0,18,0,1,high
CUST01433,Loyal Customers,108,4,2386.67,2,4,3,9,0.25,0.37,3,0.0,0.0,8,36,1,0,high
CUST01460,Loyal Customers,128,4,2187.99,2,4,3,9,0.0,0.20750000000000002,4,0.0,0.0,4,37,0,0,high
CUST01503,Loyal Customers,90,4,2509.01,2,4,3,9,0.25,0.23249999999999998,2,0.0,0.0,8,16,2,0,high
CUST01517,Loyal Customers,87,4,1921.46,2,4,3,9,0.25,0.2825,3,0.0,0.0,4,23,1,0,high
CUST01550,Loyal Customers,109,4,1841.6,2,4,3,9,0.0,0.27,2,0.0,0.0,5,37,1,0,high
CUST01674,Loyal Customers,116,4,1864.1999999999998,2,4,3,9,0.0,0.26749999999999996,4,0.0,0.0,5,29,0,0,high
CUST01711,Loyal Customers,110,4,2242.31,2,4,3,9,0.0,0.2025,3,0.0,0.0,2,27,0,2,high
CUST01715,Loyal Customers,121,4,2342.73,2,4,3,9,0.0,0.3275,3,0.0,0.0,4,35,0,1,high
CUST01733,Loyal Customers,92,4,2532.24,2,4,3,9,0.75,0.22,3,0.0,0.0,2,18,0,0,high
CUST01951,Loyal Customers,125,4,2559.6099999999997,2,4,3,9,0.0,0.28500000000000003,2,0.0,0.0,2,46,0,0,high
CUST02075,Loyal Customers,271,5,2192.94,1,5,3,9,0.2,0.298,3,0.0,0.0,0,59,0,0,high
CUST02152,Loyal Customers,109,4,2366.99,2,4,3,9,0.0,0.20500000000000002,4,0.0,0.0,4,28,1,0,high
CUST02190,Loyal Customers,101,4,2228.5,2,4,3,9,0.25,0.3075,4,0.0,0.0,2,17,0,1,high
CUST02225,Loyal Customers,251,6,2353.84,1,5,3,9,0.3333333333333333,0.41,3,0.0,0.0,3,45,0,0,high
CUST02283,Loyal Customers,132,4,1771.46,2,4,3,9,0.0,0.2425,2,0.0,0.0,1,26,0,0,high
CUST02383,Loyal Customers,108,4,1842.06,2,4,3,9,0.0,0.265,4,0.0,0.0,7,23,0,3,high
CUST02389,Loyal Customers,125,4,1987.76,2,4,3,9,0.25,0.23,3,0.0,0.0,1,26,0,0,high
CUST00135,Loyal Customers,333,4,2534.18,1,4,3,8,0.0,0.29000000000000004,3,0.0,0.0,3,60,0,1,high
CUST00142,Loyal Customers,169,5,1880.0,1,4,3,8,0.0,0.4,4,0.0,0.0,2,41,0,0,high
CUST00299,Loyal Customers,343,4,2302.1800000000003,1,4,3,8,0.25,0.4175,3,0.0,0.0,0,60,0,0,high
CUST00461,Loyal Customers,194,4,1579.47,1,4,3,8,0.0,0.305,3,0.0,0.0,3,41,0,1,high
CUST00488,Loyal Customers,217,4,2427.65,1,4,3,8,0.0,0.27,4,0.0,0.0,8,51,1,1,high
CUST00525,Loyal Customers,220,4,1916.75,1,4,3,8,0.0,0.24,3,0.0,0.0,1,56,0,0,high
CUST00543,Loyal Customers,197,4,2320.55,1,4,3,8,0.0,0.26,3,0.0,0.0,2,37,0,2,high
CUST00859,Loyal Customers,169,4,2159.64,1,4,3,8,0.0,0.3075,4,0.0,0.0,10,36,1,2,high
CUST00995,Loyal Customers,159,4,2523.84,1,4,3,8,0.0,0.33,2,0.0,0.0,6,33,0,1,high
CUST01011,Loyal Customers,365,4,1951.66,1,4,3,8,0.0,0.265,3,0.0,0.0,4,60,0,0,high
CUST01118,Loyal Customers,170,5,2165.5,1,4,3,8,0.2,0.32999999999999996,3,0.0,0.0,0,51,0,1,high
CUST01150,Loyal Customers,167,5,2478.69,1,4,3,8,0.2,0.31599999999999995,2,0.0,0.0,3,35,1,0,high
CUST01291,Loyal Customers,193,4,2476.76,1,4,3,8,0.25,0.28250000000000003,3,0.0,0.0,3,29,0,0,high
CUST01403,Loyal Customers,329,4,2287.41,1,4,3,8,0.0,0.14,2,0.0,0.0,1,53,0,0,high
CUST01487,Loyal Customers,232,5,2548.9700000000003,1,4,3,8,0.2,0.33599999999999997,3,0.0,0.0,1,45,0,1,high
CUST01682,Loyal Customers,227,5,1999.79,1,4,3,8,0.0,0.272,4,0.0,0.0,0,49,0,0,high
CUST01880,Loyal Customers,231,4,1569.8400000000001,1,4,3,8,0.0,0.4575,4,0.0,0.0,3,50,0,0,high
CUST02150,Loyal Customers,245,4,2166.25,1,4,3,8,0.0,0.33,4,0.0,0.0,2,55,1,2,high
CUST02258,Loyal Customers,198,4,2233.67,1,4,3,8,0.0,0.2475,2,0.0,0.0,8,39,2,1,high
CUST00178,Needs Service Recovery,5,8,5602.76,5,5,5,15,0.25,0.27625,6,2.0,1.0,10,0,1,0,medium
CUST00603,Needs Service Recovery,10,9,4869.21,5,5,5,15,0.0,0.30777777777777776,5,2.0,1.0,12,0,0,1,medium
CUST00613,Needs Service Recovery,4,6,4895.57,5,5,5,15,0.0,0.4116666666666666,5,2.0,0.5,14,7,3,0,medium
CUST00654,Needs Service Recovery,8,6,5827.77,5,5,5,15,0.3333333333333333,0.15,4,2.0,1.0,8,0,2,0,medium
CUST00698,Needs Service Recovery,14,8,5318.95,5,5,5,15,0.375,0.25,4,2.0,1.0,11,16,2,0,medium
CUST00713,Needs Service Recovery,3,9,9076.15,5,5,5,15,0.1111111111111111,0.3022222222222222,5,2.0,1.0,10,0,1,0,medium
CUST01033,Needs Service Recovery,14,10,5486.38,5,5,5,15,0.2,0.37,4,2.0,1.0,4,0,0,1,medium
CUST01115,Needs Service Recovery,17,10,6722.41,5,5,5,15,0.1,0.29,4,2.0,1.0,4,12,1,0,medium
CUST01427,Needs Service Recovery,5,7,4513.07,5,5,5,15,0.14285714285714285,0.40857142857142853,4,2.0,1.0,11,9,1,2,medium
CUST00030,Needs Service Recovery,5,6,3435.5899999999997,5,5,4,14,0.0,0.34,5,2.0,1.0,11,3,1,0,medium
CUST00152,Needs Service Recovery,46,7,4989.280000000001,4,5,5,14,0.14285714285714285,0.3742857142857143,3,3.0,1.0,19,7,3,3,medium
CUST00263,Needs Service Recovery,25,12,7940.0,4,5,5,14,0.25,0.3475,4,2.0,1.0,15,11,3,2,medium
CUST01984,Needs Service Recovery,21,8,4659.86,4,5,5,14,0.0,0.375,4,2.0,0.5,8,9,1,2,medium
CUST02250,Needs Service Recovery,15,6,3309.5,5,5,4,14,0.3333333333333333,0.2783333333333333,3,2.0,1.0,10,18,0,0,medium
CUST00110,Needs Service Recovery,35,6,3922.07,4,5,4,13,0.0,0.26333333333333336,4,2.0,1.0,4,8,0,0,medium
CUST00447,Needs Service Recovery,36,7,3091.4,4,5,4,13,0.14285714285714285,0.3671428571428571,2,2.0,0.5,6,18,2,1,medium
CUST00503,Needs Service Recovery,48,7,4458.49,3,5,5,13,0.14285714285714285,0.3014285714285715,5,2.0,1.0,4,7,1,0,medium
CUST01416,Needs Service Recovery,50,6,4155.25,3,5,5,13,0.5,0.24833333333333332,5,3.0,0.6666666666666666,11,20,1,2,medium
CUST01526,Needs Service Recovery,9,4,3305.24,5,4,4,13,0.25,0.24,4,2.0,1.0,7,2,0,2,medium
CUST02272,Needs Service Recovery,59,11,8117.28,3,5,5,13,0.18181818181818182,0.3245454545454546,6,2.0,1.0,13,2,1,2,medium
CUST02339,Needs Service Recovery,31,5,3093.07,4,5,4,13,0.2,0.21000000000000002,3,2.0,1.0,8,0,2,2,medium
CUST00042,Needs Service Recovery,87,9,7523.74,2,5,5,12,0.2222222222222222,0.21888888888888888,5,2.0,0.5,3,14,0,2,high
CUST00780,Needs Service Recovery,36,4,3232.4,4,4,4,12,0.25,0.29000000000000004,3,2.0,0.5,12,9,3,0,medium
CUST01155,Needs Service Recovery,1,4,2257.0899999999997,5,4,3,12,0.5,0.3875,3,2.0,1.0,12,5,1,0,medium
CUST01663,Needs Service Recovery,22,5,3881.61,4,4,4,12,0.2,0.19,3,2.0,0.0,4,14,0,0,medium
CUST01736,Needs Service Recovery,13,4,2197.62,5,4,3,12,0.25,0.325,4,2.0,1.0,8,13,1,1,medium
CUST00006,Needs Service Recovery,51,5,3770.16,3,4,4,11,0.2,0.358,3,2.0,1.0,2,1,1,0,medium
CUST01430,Needs Service Recovery,5,3,2362.84,5,3,3,11,0.3333333333333333,0.26666666666666666,3,3.0,0.3333333333333333,11,3,2,0,medium
CUST01546,Needs Service Recovery,22,5,2407.6499999999996,4,4,3,11,0.0,0.376,4,2.0,0.5,4,0,1,1,medium
CUST01729,Needs Service Recovery,8,2,2079.31,5,3,3,11,0.5,0.33999999999999997,1,2.0,1.0,11,0,2,1,medium
CUST02108,Needs Service Recovery,9,3,2025.15,5,3,3,11,0.3333333333333333,0.24333333333333332,2,2.0,1.0,11,3,1,0,medium
CUST00179,Needs Service Recovery,38,3,1585.62,4,3,3,10,0.0,0.44333333333333336,2,2.0,0.5,11,21,1,2,medium
CUST01860,Needs Service Recovery,1,2,914.9300000000001,5,3,2,10,0.5,0.135,2,2.0,0.5,9,19,1,0,medium
CUST02346,Needs Service Recovery,16,3,1415.13,5,3,2,10,0.0,0.3333333333333333,2,2.0,1.0,6,0,1,0,medium
CUST00139,Needs Service Recovery,28,2,1715.4,4,2,3,9,0.0,0.295,2,2.0,1.0,5,10,1,0,medium
CUST00332,Needs Service Recovery,24,2,2059.8,4,2,3,9,0.5,0.375,1,2.0,1.0,0,6,0,0,medium
CUST00438,Needs Service Recovery,64,3,2466.39,3,3,3,9,1.0,0.16,3,2.0,1.0,6,22,1,2,medium
CUST00831,Needs Service Recovery,6,2,994.8299999999999,5,2,2,9,0.0,0.375,2,2.0,1.0,11,0,2,1,medium
CUST01180,Needs Service Recovery,23,2,2328.54,4,2,3,9,1.0,0.255,2,2.0,1.0,2,10,0,1,medium
CUST02060,Needs Service Recovery,23,2,1331.01,4,3,2,9,0.5,0.235,2,2.0,0.5,4,6,1,0,medium
CUST00965,Needs Service Recovery,8,2,507.14,5,2,1,8,0.0,0.31,1,2.0,0.5,5,1,0,0,medium
CUST01075,Needs Service Recovery,26,2,1464.29,4,2,2,8,1.0,0.065,2,2.0,0.5,1,0,0,0,medium
CUST01770,Needs Service Recovery,58,3,1327.79,3,3,2,8,0.3333333333333333,0.24,2,2.0,1.0,2,4,0,0,medium
CUST01474,Needs Service Recovery,61,2,959.29,3,2,2,7,0.5,0.205,2,2.0,1.0,8,0,1,0,medium
CUST01501,Needs Service Recovery,66,2,646.4300000000001,3,2,1,6,0.0,0.51,2,2.0,1.0,6,7,1,0,medium
CUST01126,New Engaged Potential,16,2,2073.54,5,2,3,10,0.0,0.30500000000000005,1,0.0,0.0,11,0,3,1,low
CUST02086,New Engaged Potential,40,2,1886.35,4,3,3,10,0.0,0.275,2,0.0,0.0,8,1,1,3,medium
CUST02173,New Engaged Potential,0,1,2057.25,5,2,3,10,0.0,0.33,1,1.0,0.0,9,13,2,1,medium
CUST02334,New Engaged Potential,13,1,1812.0,5,2,3,10,0.0,0.19,1,0.0,0.0,11,1,0,0,low
CUST02337,New Engaged Potential,13,1,1911.28,5,2,3,10,0.0,0.19,1,0.0,0.0,21,0,0,2,low
CUST02378,New Engaged Potential,2,2,1141.79,5,3,2,10,0.0,0.315,2,0.0,0.0,13,0,1,0,low
CUST00410,New Engaged Potential,1,2,1365.22,5,2,2,9,0.0,0.22,2,1.0,0.0,16,0,3,0,medium
CUST00504,New Engaged Potential,15,1,1602.01,5,1,3,9,0.0,0.2,1,0.0,0.0,9,4,2,2,low
CUST00721,New Engaged Potential,14,1,1856.99,5,1,3,9,0.0,0.1,1,0.0,0.0,8,0,1,1,low
CUST00977,New Engaged Potential,5,2,1375.4499999999998,5,2,2,9,0.0,0.255,2,0.0,0.0,9,8,0,2,low
CUST01354,New Engaged Potential,2,2,1041.99,5,2,2,9,0.0,0.355,2,1.0,0.0,10,0,0,0,medium
CUST01580,New Engaged Potential,18,2,912.24,5,2,2,9,0.0,0.315,1,0.0,0.0,14,10,1,1,low
CUST01932,New Engaged Potential,12,1,1359.13,5,2,2,9,0.0,0.33,1,0.0,0.0,11,2,1,2,low
CUST00085,New Engaged Potential,14,1,1257.8,5,1,2,8,0.0,0.2,1,0.0,0.0,8,0,0,0,low
CUST00149,New Engaged Potential,8,1,787.94,5,1,2,8,0.0,0.2,1,0.0,0.0,8,0,2,0,low
CUST00341,New Engaged Potential,19,1,790.16,5,1,2,8,0.0,0.46,1,0.0,0.0,11,5,2,0,low
CUST00481,New Engaged Potential,43,2,934.12,4,2,2,8,0.0,0.19,2,0.0,0.0,10,4,1,1,medium
CUST00745,New Engaged Potential,1,1,1077.53,5,1,2,8,0.0,0.28,1,0.0,0.0,14,4,1,0,low
CUST00747,New Engaged Potential,11,1,1123.87,5,1,2,8,0.0,0.31,1,1.0,1.0,13,7,2,0,medium
CUST01247,New Engaged Potential,3,1,1439.66,5,1,2,8,0.0,0.24,1,1.0,1.0,12,0,1,2,medium
CUST01358,New Engaged Potential,18,1,862.52,5,1,2,8,0.0,0.32,1,0.0,0.0,14,3,1,3,low
CUST01508,New Engaged Potential,3,1,845.65,5,1,2,8,0.0,0.26,1,0.0,0.0,10,3,1,4,low
CUST01726,New Engaged Potential,23,1,1507.03,4,2,2,8,0.0,0.1,1,0.0,0.0,17,4,3,2,low
CUST01792,New Engaged Potential,36,1,821.29,4,2,2,8,0.0,0.18,1,0.0,0.0,12,0,2,1,medium
CUST02016,New Engaged Potential,15,1,359.18,5,2,1,8,0.0,0.07,1,0.0,0.0,17,4,0,1,low
CUST02040,New Engaged Potential,1,1,686.12,5,2,1,8,0.0,0.28,1,0.0,0.0,14,11,0,2,low
CUST02193,New Engaged Potential,18,1,395.16,5,2,1,8,0.0,0.5,1,0.0,0.0,10,4,2,0,low
CUST02255,New Engaged Potential,15,1,485.28,5,2,1,8,0.0,0.35,1,0.0,0.0,11,0,3,0,low
CUST00007,New Engaged Potential,3,1,719.33,5,1,1,7,0.0,0.18,1,0.0,0.0,11,12,2,3,low
CUST00064,New Engaged Potential,2,1,654.93,5,1,1,7,0.0,0.43,1,0.0,0.0,8,0,3,0,low
CUST00251,New Engaged Potential,41,1,966.73,4,1,2,7,1.0,0.37,1,1.0,1.0,14,9,4,0,medium
CUST00352,New Engaged Potential,27,1,1000.77,4,1,2,7,0.0,0.12,1,0.0,0.0,13,16,2,1,low
CUST00561,New Engaged Potential,4,1,256.33,5,1,1,7,0.0,0.35,1,1.0,0.0,16,0,2,0,medium
CUST00739,New Engaged Potential,24,1,1047.95,4,1,2,7,0.0,0.27,1,0.0,0.0,8,0,1,1,low
CUST00751,New Engaged Potential,15,1,657.24,5,1,1,7,0.0,0.21,1,0.0,0.0,8,5,1,1,low
CUST00775,New Engaged Potential,23,1,1298.92,4,1,2,7,0.0,0.23,1,0.0,0.0,8,10,0,2,low
CUST00832,New Engaged Potential,0,1,716.8,5,1,1,7,0.0,0.16,1,0.0,0.0,9,0,1,3,low
CUST01271,New Engaged Potential,12,1,529.98,5,1,1,7,0.0,0.31,1,0.0,0.0,8,5,1,0,low
CUST01289,New Engaged Potential,3,1,742.76,5,1,1,7,0.0,0.18,1,0.0,0.0,9,7,0,2,low
CUST01338,New Engaged Potential,7,1,232.88,5,1,1,7,1.0,0.43,1,1.0,1.0,14,0,2,0,medium
CUST01415,New Engaged Potential,9,1,509.5,5,1,1,7,0.0,0.29,1,0.0,0.0,9,0,3,0,low
CUST01421,New Engaged Potential,46,1,1155.37,4,1,2,7,1.0,0.25,1,1.0,1.0,16,30,3,0,medium
CUST01426,New Engaged Potential,24,1,872.32,4,1,2,7,0.0,0.28,1,0.0,0.0,8,0,2,0,low
CUST01496,New Engaged Potential,16,1,662.11,5,1,1,7,0.0,0.3,1,0.0,0.0,9,3,2,3,low
CUST01520,New Engaged Potential,19,1,333.93,5,1,1,7,0.0,0.18,1,0.0,0.0,10,12,0,0,low
CUST01693,New Engaged Potential,33,1,483.01,4,2,1,7,0.0,0.26,1,0.0,0.0,11,5,1,3,low
CUST01704,New Engaged Potential,47,1,926.37,3,2,2,7,0.0,0.06,1,0.0,0.0,13,24,0,2,medium
CUST01725,New Engaged Potential,44,1,632.03,4,2,1,7,0.0,0.24,1,1.0,1.0,8,20,2,0,medium
CUST01737,New Engaged Potential,26,1,512.92,4,2,1,7,0.0,0.31,1,0.0,0.0,9,7,2,0,low
CUST01810,New Engaged Potential,28,1,381.71,4,2,1,7,0.0,0.24,1,0.0,0.0,8,25,1,2,low
CUST01858,New Engaged Potential,20,1,522.62,4,2,1,7,0.0,0.2,1,1.0,1.0,9,4,1,1,medium
CUST01919,New Engaged Potential,40,1,328.12,4,2,1,7,0.0,0.55,1,0.0,0.0,10,6,1,0,medium
CUST01934,New Engaged Potential,33,1,585.58,4,2,1,7,0.0,0.28,1,0.0,0.0,8,0,1,0,low
CUST02197,New Engaged Potential,21,1,362.15,4,2,1,7,0.0,0.09,1,0.0,0.0,9,10,1,0,low
CUST02215,New Engaged Potential,38,1,362.55,4,2,1,7,0.0,0.2,1,1.0,0.0,9,4,1,0,medium
CUST02217,New Engaged Potential,42,1,586.15,4,2,1,7,0.0,0.04,1,0.0,0.0,12,0,1,2,medium
CUST02303,New Engaged Potential,24,1,590.19,4,2,1,7,1.0,0.01,1,1.0,1.0,12,0,1,0,medium
CUST02369,New Engaged Potential,22,1,377.41,4,2,1,7,0.0,0.17,1,0.0,0.0,14,0,2,2,low
CUST00009,New Engaged Potential,31,1,376.85,4,1,1,6,0.0,0.49,1,0.0,0.0,11,6,2,0,low
CUST00022,New Engaged Potential,29,1,454.06,4,1,1,6,0.0,0.31,1,0.0,0.0,10,0,2,1,low
CUST00182,New Engaged Potential,31,1,305.3,4,1,1,6,0.0,0.31,1,0.0,0.0,12,0,0,0,low
CUST00350,New Engaged Potential,41,1,537.51,4,1,1,6,0.0,0.12,1,0.0,0.0,18,0,3,0,medium
CUST00357,New Engaged Potential,42,1,513.15,4,1,1,6,0.0,0.29,1,1.0,1.0,9,2,2,1,medium
CUST00400,New Engaged Potential,44,1,402.05,4,1,1,6,0.0,0.61,1,0.0,0.0,9,0,1,0,medium
CUST00446,New Engaged Potential,26,1,521.16,4,1,1,6,0.0,0.33,1,0.0,0.0,9,3,1,0,low
CUST00516,New Engaged Potential,27,1,623.59,4,1,1,6,0.0,0.19,1,0.0,0.0,9,7,1,2,low
CUST00529,New Engaged Potential,63,1,1129.52,3,1,2,6,0.0,0.24,1,1.0,1.0,11,0,2,2,medium
CUST00565,New Engaged Potential,39,1,275.55,4,1,1,6,0.0,0.11,1,0.0,0.0,10,7,1,2,medium
CUST01024,New Engaged Potential,20,1,370.39,4,1,1,6,0.0,0.31,1,0.0,0.0,10,12,2,2,low
CUST01206,New Engaged Potential,73,1,819.46,3,1,2,6,0.0,0.16,1,0.0,0.0,10,30,0,0,medium
CUST01241,New Engaged Potential,38,1,185.08,4,1,1,6,0.0,0.28,1,0.0,0.0,9,15,1,0,medium
CUST01337,New Engaged Potential,49,1,793.95,3,1,2,6,0.0,0.32,1,0.0,0.0,14,18,4,1,medium
CUST01369,New Engaged Potential,24,1,477.43,4,1,1,6,1.0,0.2,1,1.0,1.0,10,11,2,2,medium
CUST01593,New Engaged Potential,30,1,675.24,4,1,1,6,0.0,0.24,1,0.0,0.0,18,0,3,2,low
CUST01924,New Engaged Potential,61,1,371.86,3,2,1,6,0.0,0.25,1,0.0,0.0,13,6,1,0,medium
CUST01979,New Engaged Potential,61,1,669.46,3,2,1,6,0.0,0.29,1,0.0,0.0,13,7,2,0,medium
CUST00312,New Engaged Potential,64,1,486.27,3,1,1,5,0.0,0.2,1,0.0,0.0,9,7,1,0,medium
CUST00601,New Engaged Potential,70,1,537.85,3,1,1,5,0.0,0.04,1,0.0,0.0,8,15,2,3,medium
CUST00790,New Engaged Potential,78,1,458.83,3,1,1,5,0.0,0.19,1,1.0,1.0,9,20,1,1,high
CUST00853,New Engaged Potential,61,1,318.94,3,1,1,5,0.0,0.47,1,1.0,1.0,9,13,1,0,medium
CUST01551,New Engaged Potential,69,1,674.67,3,1,1,5,0.0,0.24,1,0.0,0.0,11,18,1,0,medium
